,Cantonese,English,Simplified Chinese
0,點呀,cloud,云
1,唔該,ask,问
2,多謝,buy,买
3,唔使客氣,have enough,够
4,你好嗎,boat,船
5,你食咗飯未,know how to,认识
6,你最近點啊,learn,学
7,食飯,car,车
8,再見,root,根
9,喂,live / reside,住
10,聽日見,look for,找
11,早晨,love,爱
12,唔該埋單,return / back / re-,回
13,拿,orange,橙子
14,我愛你,say / speak,说
15,你可唔可以講得更慢啲,do,做
16,我,see,看
17,你,drink,喝
18,佢,go,去
19,我哋 ,walk,行
20,你哋,here you go,拿
21,佢哋,spin,转
22,零,two (for counting),二
23,一,I,我
24,二,you,你
25,兩,leave,离开
26,三,he / she / it,他
27,四,push,推
28,五,pull,拉
29,六,zero,零
30,七,one,一
31,八,chair,椅子
32,九,moon,月
33,十,shake,摇
34,十一,come,来
35,十二,eat,吃
36,二十/廿,make,做
37,三十,want to / would like to,想
38,一百,listen,听
39,一千,water,水
40,一萬 ,shrimp,虾
41,第,leaf,叶
42,一半,leg,腿
43,五十二 ,want / need,要
44,四十一 ,lip,唇
45,三十八 ,lungs,肺
46,書,mouth,嘴
47,櫈,mouth,口
48,車,bottle,瓶子
49,屋企,hate,恨
50,月,neck,脖子
51,人,liver,肝
52,植物,pear,梨
53,嘢,come,来
54,星,go,去
55,太陽,person,人
56,抬,negation,不
57,電話,walk,行走
58,電視,something,东西
59,樹,star,星
60,水,table,桌子
61,小朋友,plum,李
62,動詞,tree,树
63,唔,water,水
64,會,ticket,票
65,係,will / would,会
66,有,peach,桃
67,冇,be (verb to be),是 
68,去,have,有
69,嚟,not have,没有
70,可以,find,找
71,要,hello? (on phone),喂
72,想,beans,豆
73,想要,look at,看
74,整,god,神
75,做,watch,看
76,食,few / a few,几
77,飲,fish,鱼
78,鍾意,tree,树
79,問,enough,够
80,買,soup,汤
81,夠,near,近
82,知道,small,細
83,識,north,北
84,學,hot,热
85,走,a little,少
86,聽,rice (raw),米
87,住,new,新
88,搵,few / a few,几
89,愛,again,再
90,返,Buddha,佛
91,翻嚟,class,班
92,返去,cold,冷
93,講,cheap,便宜
94,睇,west,西
95,翻譯,difficult,难
96,明白,expensive,贵
97,識聽,south,南
98,等陣,east,东
99,好,warm,暖
100,靚,fast,快
101,大,course,堂
102,平,noodles,面条
103,凍,meat,肉
104,黐線,chicken,鸡
105,得意,duck,鸭
106,難,egg,蛋
107,容易,rice (cooked),米
108,貴,nose,鼻子
109,快,small,小
110,幾,down,下
111,開心,escape,逃
112,熱,drag,拉
113,少,crawl,爬
114,多啲,-th,第
115,新,climb,爬
116,唔開心,bounce,跳
117,細,three,三
118,小,tangerine,橘子
119,好小,four,四
120,攰,two (for the number of object),两
121,太多,car,车
122,唔係太多,vibrate,振动
123,核突,green onion,葱
124,非常,look for,查找
125,好,book,书
126,暖,fall,掉
127,一啲,jump,跳
128,好多,kneel,跪
129,再,tired,累了
130,夠,up,上
131,可能,left,左
132,或者,very,好
133,一齊,good,好
134,邊個,beautiful,漂亮
135,乜嘢,table,桌子
136,幾時,be (somewhere),在
137,邊度?,go,去
138,幾多,five,五
139,邊個,six,六
140,邊種,seven,七
141,白板 ,eight,八
142,粉筆,nine,九
143,班,ten,十
144,堂,far,远
145,書檯,star,星
146,功課,big,大
147,校長,sea,海
148,成績表,bamboo,竹子
149,學期,marinate,腌
150,學生,thin,瘦
151,老師,chicken,鸡
152,畢業 ,tall,高
153,讀書,simmer,煨
154,溫習,stir fry / sauté,炒
155,學校,smoked,熏
156,幼稚園,tea,茶
157,小學,pan-fried,煎
158,中學,dog,狗
159,大學,wolf,狼
160,學位,eagle / falcon / hawk,鹰
161,文憑,swollen,肿
162,證書,short,矮
163,中學文憑,flower,花
164,學士,grass,草
165,碩士 ,braise / steam,蒸
166,博士,beautiful,漂亮
167,科,leopard,豹
168,生物學,lean,瘦
169,微積分,juice,汁
170,化學,weird,怪
171,經濟學,stupid,蠢
172,工程,panther,豹
173,地理,rabbit,兔
174,歷史,strange,怪
175,數學,silly,儍
176,音樂 ,horse,马
177,物理,old,老
178,科學,odd,怪
179,社會學,roast,烤
180,統計學,subject,科
181,城市規劃,letter,信
182,語言學,deer,鹿
183,動物,bite,咬
184,貓 ,comb,梳子
185,貓仔,loud,吵
186,狗,lazy,懒
187,狗仔,bug,虫
188,雞,smells good,香
189,母雞,capable / smart / brilliant  ,很棒
190,公雞,hot,热
191,馬,fish,鱼
192,豬,claw,爪
193,綿羊,mosquito,蚊子
194,哺乳類動物,dragon,龙
195,熊,cooked,熟
196,北極熊 ,burned,烧焦
197,鹿,turtle,龟
198,大笨象,love,爱
199,山羊,good,好的
200,刺蝟,vegetarian,素
201,樹熊,raw,生
202,豹,alcohol (beverage),酒
203,獅子,crazy,疯狂
204,馬騮,tired,累
205,老鼠,mirror,镜
206,熊貓,paper,纸
207,豹,table,桌子
208,箭豬,wing,翅膀
209,兔,chair,椅子
210,馴鹿,book,书
211,松鼠,hot,热
212,老虎,sore,疮
213,狼,bed,床
214,雀仔,book,书
215,蝙蝠,chair,椅子
216,烏鴉,drink,喝
217,白鴿,eat,吃
218,鷹,brush,刷子
219,貓頭鷹,fat,胖
220,鸚鵡,cold,冷
221,海鷗,brick,砖
222,魚,wave,浪
223,海豚,wow,哇
224,鯊魚,foot,脚
225,鯨魚,water,水
226,蟲,hair (not on head),毛
227,螞蟻,can,罐
228,蜜蜂,face,脸
229,蝴蝶,tongue,舌
230,曱甴,expensive,贵
231,蜻蜓,wok,锅
232,烏蠅,return,还
233,金龜,rent,租
234,蚊,record,录
235,蜘蛛,copy,抄
236,大黃蜂,waist,腰
237,鱷魚,ticket,票
238,龍,eye,眼睛
239,青蛙,hey,嘿
240,蜥蜴,bear,熊
241,蛇 ,stomach,胃
242,龜,river,河
243,爪,tree,树
244,羽毛,heart,心
245,下巴,head,头
246,尾巴,hand,手
247,觸手,breast / chest,胸
248,翼,angry,生气
249,樹皮,afraid / scared,怕
250,咬,belly,肚子
251,浴缸,blood,血
252,刷,bone,骨
253,梳,brain,脑
254,護髮素,annoyed,烦
255,牙線,book,书
256,止汗劑,sweat,汗
257,電鬚刨,socks,袜子
258,鬚刨,table,桌子
259,紙巾,hat,帽子
260,瀉藥,knife,刀
261,唇膏,jacket,外套
262,化妝,pants,裤子
263,鏡,ticket,票
264,指甲鉗,song,歌
265,香水,plate,盘子
266,M巾,bored,闷
267,洗頭水,table,桌子
268,剃鬚膏,cold,冷
269,沖涼,milk,奶
270,洗手盤,pig,猪
271,番梘,cheap,便宜
272,梘液,wine,酒
273,沖涼液,fork,叉子
274,棉條,song,歌
275,廁所,bowl,碗
276,沖廁,boots,靴子
277,廁紙,dishes,盘子
278,牙刷,money,钱
279,刷牙,zinc,锌
280,牙膏,silver,银
281,凡士林,iron,铁
282,床,gold,金
283,書,copper,铜
284,櫈,buy,买
285,電腦,shoes,鞋
286,避孕套,lake,湖
287,床單,button,钮扣
288,枕頭,spit,吐
289,枱,clothes,衣服
290,電話,cup,杯子
291,電視,cloud,云
292,手臂,watch,看
293,背脊,hedgehog,刺猬
294,鬍鬚,koala,树熊
295,肚,doggy,小狗
296,血,whale,鲸鱼
297,身體,ant,蚂蚁
298,骨,laxative,泻药
299,腦,razor,剃须刀
300,胸,Kleenex,纸巾
301,耳朵,lipstick,口红
302,眼,study,读书
303,臉,make-up,化妆
304,手指,teacher,老师
305,指甲,bee,蜜蜂
306,腳,goat,山羊
307,頭髮,rooster,公鸡
308,毛,sheep,绵羊
309,手,dolphin,海豚
310,頭,diploma,文凭
311,心,shark,鲨鱼
312,膝頭哥,mouse / rat,老鼠
313,腿,lion,狮子
314,唇,math,数学
315,肝,engineering,工程
316,肺,physics,物理
317,嘴,science,科学
318,口,chemistry,化学
319,肌肉,revise,温习
320,神經,cat,猫
321,頸,monkey,猴子
322,鼻,kitty cat,小猫
323,器官,hen,母鸡
324,病咗,Doctorate (PhD),博士
325,膊頭,animal,动物
326,皮膚,tampon,棉条 
327,胃,student,学生
328,汗,snake,蛇
329,牙齒,feather,羽毛
330,手指公,jaws,下巴
331,舌,tail,尾巴
332,腰,tentacle,触手
333,廁所,bark,树皮
334,嚟M,lizard,蜥蜴
335,鼻涕,orange,橙色
336,嘔,dark color,深色
337,泳衣,purple,紫色
338,衫,white wine,白酒
339,皮帶,seagull,海鸥
340,靴,black tea,红茶
341,孖煙通,green tea,绿茶
342,底褲,so small,太小
343,鈕,frog,青蛙
344,大褸,crocodile,鳄鱼
345,長裙,spider,蜘蛛
346,手套,shower,洗澡
347,帽,term / semester,学期
348,高踭鞋,bar soap,肥皂
349,褸,liquid soap,液体肥皂
350,牛仔褲,principal,校长
351,褲,menstrual pad,卫生巾
352,睡衣,dental floss,牙线
353,雨褸,school,学校
354,跑鞋,bathtub,浴缸
355,涼鞋,butterfly,蝴蝶
356,頸巾,cockroach,蟑螂
357,恤衫,dragonfly,蜻蜓
358,鞋,fly,苍蝇
359,短褲,secondary school,中学
360,短裙,ladybug,瓢虫
361,拖鞋,perfume,香水
362,襪,primary school,小学
363,絲襪,suit,西装
364,西裝,dove / pigeon,白鸽
365,冷衫,zipper,拉链
366,領呔,color,颜色
367,內衣,beige,米色
368,制服,black,黑色
369,拉鏈,blue,蓝色
370,顏色,brown,棕色
371,米色,uniform,制服
372,黑色,underwear,内衣
373,藍色,gold,金色
374,啡色,green,绿色
375,深色,green-yellow,青色
376,螢光,grey,灰色
377,金色,disgusting,恶心
378,綠色,light color,浅色
379,青色,history,历史
380,灰色,too many / too much,太多
381,淺色,gloves,手套
382,棗紅色,desk,书桌
383,橙色,toothpaste,牙膏
384,粉紅色,herbal tea,凉茶
385,紫色,computer,电脑
386,紅色,sheets,床单
387,銀色,finger,手指
388,透明,which type?,哪种?
389,白色,what?,什么?
390,黃色,celery,芹菜
391,電腦,arm,手臂
392,傾偈,which one?,哪个?
393,鍵盤 ,back,背部(身体)
394,滑鼠,beard,胡子
395,哥哥,body,身体
396,阿女,pillow,枕头
397,阿仔,TV,电视
398,老竇,parrot,鹦鹉
399,嫲嫲,fluorescent,萤光
400,老公,necktie,领带
401,阿媽,homework,功课
402,親戚,toilet,厕所
403,家姐,porcupine,豪猪
404,阿哥,reindeer,驯鹿
405,老婆,squirrel,松鼠
406,演員,tiger,老虎
407,明星,to flush,冲厕所
408,娛樂,bird,鸟
409,出名,Bachelor's Degree (BA) ,学士
410,偶像,panda,熊猫
411,歌手,certificate,证书
412,歌,degree,学位
413,覺得,university,大学
414,感覺,crow,乌鸦
415,抱怨,bat,蝙蝠
416,恭喜,who?,谁呀?
417,原諒,shirt,衬衫
418,八卦,slippers,拖鞋
419,愛,together,一起
420,恨,or,或者
421,擔心,pyjamas,睡衣
422,希望,raincoat,雨衣
423,後悔,running shoes,跑鞋
424,多謝,sandals,凉鞋
425,驚,stockings,丝袜
426,嬲,maybe,可能
427,煩,scarf,围巾
428,悶,a lot,很多
429,平靜,shorts,短裤
430,凍,a bit,一些
431,舒服,very,非常
432,失望,skirt,短裙
433,羡慕,sweater,毛衣
434,興奮,thousand,一千
435,沮喪,surprised,惊讶
436,開心,milk tea,奶茶
437,感激,wife,老婆
438,內疚,sister,哥哥
439,開心,red,红色
440,絕望,silver,银色
441,熱,transparent,透明
442,心情唔好,white,白色
443,冷漠,actor,演员
444,妒忌,yellow,黄色
445,緊張,chat,聊天
446,驕傲,more,多一点
447,傷心,mouse,滑鼠
448,震驚,brother,哥哥
449,眼瞓,daughter,女儿
450,驚訝,son,儿子
451,口渴,computer,电脑
452,攰,father,爸爸
453,難受,congrats,恭喜
454,擔心,wait for,等一会儿
455,我愛你,easy,容易
456,飲,idol,偶像
457,吃,singer,歌手
458,飽 ,cute,可爱
459,肚餓 ,feel (verb),觉得
460,口渴,feel (noun),感觉
461,燶,understand (a language),听得懂
462,凍,celebrity,明星
463,熟,forgive,原谅
464,好食,gossip,八卦
465,新鮮,worry,担心
466,變壞,hope,希望
467,好,thank,谢谢
468,熱,crazy,神经病
469,見到都流口水,complain,抱怨
470,生,famous,有名
471,香,happy,开心
472,好味,husband,老公
473,温暖,know,知道
474,素,hopeless,绝望
475,食齋 ,come back,回来
476,酒,want to have,想要
477,酒精,happy,高兴
478,酒類飲品,guilty,内疚
479,啤酒,like,喜欢
480,咖啡因,excited,兴奋
481,咖啡,frustrated,沮丧
482,熱巧克力,envious,羡慕
483,汁,grateful,感激
484,奶,disappointed,失望
485,奶昔,glad,高兴
486,豆漿,chalk,粉笔
487,水,go back,回去
488,酒,grandmother,奶奶
489,紅酒,calm,平静
490,白酒,jealous,妒忌
491,茶,mother,妈妈
492,紅茶,family relative,亲戚
493,綠茶,sister,姐姐
494,涼茶,understand (a concept),明白
495,烏龍茶,translate,翻译
496,壽眉,regret,后悔
497,奶茶,indifferent,冷漠
498,珍珠奶茶,comfortable,舒服
499,汽水,verb,动词
500,可樂,can / may,可以
501,可口可樂 ,shocked,惊呆
502,檸樂,sad,伤心
503,百事,proud,骄傲
504,芬達,nervous,紧张
505,七喜,sleepy,困了
506,雪碧,Sau Mei tea,寿眉
507,早餐,entertainment,娱乐
508,晚餐,thirsty,渴了
509,午餐,fresh,新鲜
510,食午餐,7 Up,七喜
511,點心,sun,太阳
512,沙律,plant,植物
513,湯,home,家
514,壽司,tasty,味道好
515,生果,delicious,好吃
516,蘋果,warm,温暖
517,香蕉,beer,啤酒
518,藍莓,half,一半
519,哈蜜瓜,gone bad,变坏
520,車厘子,uncomfortable,难受
521,椰子,eleven,十一
522,榴蓮,breakfast,早饭
523,無花果,alcohol (chemical substance),酒精
524,西柚,lychee,荔枝
525,提子,telephone,电话
526,番石榴,thirsty ,口渴
527,蜜瓜,hundred,一百
528,奇異果,pop / soda / soft drink,汽水
529,檸檬,coke,可乐
530,青檸,thirty,三十
531,龍眼,lemon Coke,柠乐
532,荔枝,Pepsi,百事
533,芒果,TV,电视
534,哈密瓜,Fanta,芬达
535,橙,red wine,红酒
536,木瓜,soy milk,豆浆
537,桃,milkshake,奶昔
538,梨,coffee,咖啡
539,菠蘿,worried,担心
540,李,full,饱
541,紅莓,twelve,十二
542,楊桃,geography,地理
543,士多啤厘,mango,芒果
544,柑,bon appétit!,吃饭
545,西瓜,salad,沙拉
546,蔬菜,sushi,寿司
547,蘆筍,fruit,水果
548,豆,apple,苹果
549,白菜,Sprite,雪碧
550,西蘭花,banana,香蕉
551,椰菜,dim sum,点心
552,紅蘿蔔,they,他们
553,椰菜花,coconut,椰子
554,西芹,durian,榴莲
555,粟米,grapefruit,西柚
556,青瓜,grapes,葡萄
557,茄子,good morning,早上好
558,蔥,blueberry,蓝莓
559,生菜,you (plural),你们
560,蘑菇,bye,再见
561,橄欖,lunch,午饭
562,洋蔥,honeydew melon,蜜瓜
563,薯仔,papaya,木瓜
564,南瓜,pineapple,菠萝
565,紫菜,raspberry,覆盆子
566,菠菜,starfruit,杨桃
567,番薯,watermelon,西瓜
568,番茄,vegetable,蔬菜
569,白蘿蔔,dinner / supper,晚饭
570,淮山,asparagus,芦笋
571,米,thank you!,谢谢
572,米,cabbage,捲心菜
573,炒飯,thank you!,谢谢
574,麵包,longan,龙眼
575,麵粉,lime,青柠
576,面,lemon,柠檬
577,炒麵,bok choy,白菜
578,公仔麵,brush one's teeth,刷牙
579,米粉,musical instrument,乐器
580,饅頭,toilet paper,卫生纸
581,肉,Chinese medicine,中医
582,杏仁,seaweed,紫菜
583,牛肉,bread,面包
584,腰果,spinach,菠菜
585,雞,diarrhea,腹泻
586,鴨,lobster,龙虾
587,蛋,flu,流感
588,果仁,receptionist,接待员
589,花生,ugly,丑
590,豬肉,young,年轻
591,豆腐,plant,植物
592,火雞,bonsai,盆景
593,核桃,bush,灌木
594,魚,forest,森林
595,魷魚,TV,电视
596,鰻魚,jasmin,茉莉
597,龍蝦,acupuncture,針灸
598,三文魚,tomato,西红柿
599,蝦,fried rice,炒饭
600,吞拿魚,beef,牛肉
601,烘焙,cookbook,食谱
602,燒烤,dislocated,脱臼
603,水煮,chopsticks,筷子
604,蒸,steamed bun,馒头
605,油炸,pumpkin,南瓜
606,炒,rice noodles,米粉
607,燒烤,healthy,健康
608,醃,sick,生病
609,微波,potato,土豆
610,焗,flour,面粉
611,煨,dizzy,头晕
612,熏,fever,发烧
613,燉 ,fried noodles,炒面
614,煎,clinic,诊所
615,健康,stout,粗壮
616,健康,oak,橡木
617,生病,superstitious,迷信
618,針灸,wise,聪明
619,中醫,bald,秃
620,診所,cute,可爱
621,醫生,dark,黑暗
622,醫院,fit,适合
623,打針,stubborn,固执
624,按摩,handsome,英俊
625,護士,pregnant,怀孕
626,藥房,religion,宗教
627,維他命,Bible,圣经
628,瑜伽,church,教堂
629,疾病,Devil,魔鬼
630,愛滋病,bus,公交车
631,過敏,pale,苍白
632,厭食症,lily,百合
633,焦慮,shy,害羞
634,香港腳,selfish,自私
635,關節炎,orchid,兰花
636,哮喘,petal,花瓣
637,骨折,rose,玫瑰
638,瘀傷,half,一半
639,流血,enough,足够
640,癌症,whole,整个
641,水痘,sensitive,敏感
642,感冒,lotus,莲花
643,便秘,slim,苗条
644,抽筋,sexy,性感
645,抑鬱症,modest,谦虚
646,糖尿病,nosy,八卦
647,肚痾,obnoxious,讨厌
648,甩骹,obsessed,痴迷
649,頭暈,strong,强壮
650,發羊吊,kilometer,公里
651,發燒,sweet potato,红薯
652,流感,tuberculosis,结核
653,頭痛,tofu,豆腐
654,心臟病發作,asthma,哮喘
655,肝炎,stroke,中风
656,消化不良,grill,烧烤
657,失眠,remote control,遥控器
658,乳糖不耐症,cushion,垫
659,偏頭痛,constipated,便秘
660,流產,eggplant,茄子
661,發作,eel,鳗鱼
662,肺炎 ,lettuce,生菜
663,夢遊,baking,烘焙
664,瘡,barbecue,烤肉
665,扭親,mushroom,蘑菇
666,性病,coffee table,茶几
667,中風,couch / sofa,沙发
668,腫,boil,水煮
669,結核,cold,感冒
670,病毒,glass,玻璃
671,農曆新年,teapot,茶壶
672,聖誕節,table cloth,台布
673,聖誕樹,turkey,火鸡
674,復活節,microwave,微波
675,聖誕老人,spoon,勺子
676,你好,refridgerator,冰箱
677,喂,freezer,冷凍室
678,哇,cancer,癌症
679,樽,pork,猪肉
680,碗,telephone,电话
681,罐,napkin,餐巾
682,筷子,chickenpox,水痘
683,食譜,stew,炖
684,杯,nuts,坚果
685,碟,peanuts,花生
686,洗碗機,sleepwalk,梦游
687,叉,carpet / rug,地毯
688,冰格,bruise,瘀伤
689,煎pan,massage,按摩
690,玻璃,insomnia,失眠
691,刀,miscarriage,流产
692,餐巾,narcolepsy,发作
693,碟,doctor,医生
694,雪櫃,hello,你好
695,匙羹,anxiety,焦虑
696,枱,nurse,护士
697,枱布,pharmacy,药房
698,茶壺,sprain,扭伤
699,電話,toothbrush,牙刷
700,鑊,virus,病毒
701,廣東話,disease,疾病
702,中文,yoga,瑜伽
703,英文,allergies,过敏
704,書,olive,橄榄
705,地毯,hepatitis,肝炎
706,茶几,headache,头痛
707,梳化,squid / calamari,鱿鱼
708,咕𠱸,English,英语
709,遙控,Chinese,中文
710,枱,onion,洋葱
711,電話,bleed,流血
712,電視,broken bone,骨折
713,砖,injection,打針
714,青銅,deep fry,油炸
715,水泥,walnuts,核桃
716,混凝土,health,健康
717,銅,cramps,抽筋
718,鑽石,almonds,杏仁
719,金,cashews,腰果
720,鐵,hospital,医院
721,大理石,yam,山药
722,銀,plane,飞机
723,鋅,STD,性病
724,錢,plane ticket,机票
725,幾錢,politician,政客
726,買,police officer,警察
727,散紙,nurse,护士
728,平,manager,经理
729,貴,looking for a job,找工作
730,電影,lawyer,律师
731,戲院,conceited,自負
732,字幕,intense,激烈
733,飛,confident,自信
734,抄,smart,聪明
735,錄,intelligent,聪明
736,租,ignorant,无知
737,還,honest,诚实
738,返帶,hard-working,勤奋
739,睇,greedy,贪心
740,演員,generous,大方
741,影迷,funny,好笑
742,電影明星,music,音乐
743,動作片,doctor,医生
744,動畫,farmer,农民
745,卡通片,fisherman,渔夫
746,笑片,journalist,记者
747,西片,conservative,保守
748,警匪片,cucumber,黄瓜
749,鬼片,insane / crazy,神经病
750,音樂,curious,好奇
751,歌,deceitful,骗人
752,飛,easy-going,随和
753,演唱會,enthusiastic,热情
754,樂器,extraverted,外向
755,鋼琴,friendly,友善
756,彈琴,cruel,残忍
757,小提琴,student,学生
758,拉小提琴,teacher,老师
759,歌迷,translator,翻译
760,偶像,hair (on head),头发
761,歌星,teeth,牙齿
762,海灘,period,大姨妈到
763,雲,snot,鼻涕
764,森林,bathing suit,泳衣
765,叢林,belt,皮帶
766,湖,skin,皮肤
767,月亮,when?,什么时候?
768,植物,coat,大衣
769,河,bathroom,浴室
770,岩石,dress,连衣裙
771,海,fingernail,指甲
772,天空,ear,耳朵
773,星,subway,地铁
774,太陽,briefs / panties,内裤
775,游水,horror movie,鬼片
776,樹,shoulder,肩膀
777,水,organ,器官
778,瀑布,waiter / waitress,服务员
779,浪,writer,作家
780,職業,dictionary,字典
781,演員,stamp,邮票
782,商人,telephone,电话
783,廚師,affectionate,亲切
784,公務員,sick,生病
785,牙醫,arrogant,自大
786,醫生,corn,玉米
787,工程師,what's up,怎么样啊
788,農民,telephone,电话
789,漁夫,how much?,多少?
790,家庭主婦,muscle,肌肉
791,記者,nerve,神经
792,律師,cold,冷淡
793,搵工,foreign film,外国电影
794,經理,brave,勇敢
795,護士,anime,动画
796,打工仔,Tian Hou,天后
797,藥劑師,witch,巫婆
798,差人,restaurant,餐厅
799,政客,receipt / bill,發票
800,前台,chef,厨师
801,言語治療師,guest,客人
802,學生,temple,寺庙
803,外科醫生,menu,菜单
804,老師,waiter / waitress,服务员
805,翻譯,where?,哪里？
806,侍應,here,这里
807,作家,there,那里
808,辦公室,direction,方向
809,書,right,右
810,櫈,tip,小費
811,電腦 ,ancestor worship,祭祖
812,抬,God,天主
813,字典,inside,里面
814,信,train,火车
815,紙,tram,电车
816,訂書機,TV,电视
817,郵票,host,主持
818,電話,radio station,电台
819,心不在焉,feel,感觉
820,親切,hear,听见
821,有野心,comedy,笑片
822,自大,listen to,收听
823,勇敢,notice,通知
824,冷淡,see,看見
825,自負,stare at,盯着
826,自信,bike,自行车
827,保守,kind,善良
828,黐線,airport,机场
829,癲,outside,外面
830,殘忍,telephone,电话
831,好奇,ignore,忽视
832,呃人,smart,聪明
833,隨和,fan of a singer,歌迷
834,精力充沛,play piano,弹琴
835,熱情,piano,钢琴
836,外向,bronze,青铜
837,友善,cement,水泥
838,搞笑,diamond,钻石
839,大方,sun,太阳
840,貪心,how much it cost,多少钱
841,勤力,movie,电影
842,誠實,cinema,电影院
843,無知,subtitles,字幕
844,冇耐性,actor,演员
845,唔禮貌,fan,影迷
846,聰明,introverted,内向
847,醒目,change,零钱
848,聰明,dentist,牙医
849,叻,rewind,回带
850,激烈,businessperson,商人
851,內向,beach,海滩
852,善良,chef,厨师
853,懶,forest,森林
854,嘈,jungle,丛林
855,謙虛,moon,月亮
856,八卦,plant,植物
857,討厭,pop star,歌星
858,癡迷,idol,偶像
859,怪,sky,天空
860,有耐性,swim,游泳
861,有禮貌,waterfall,瀑布
862,靠得住,actor,演员
863,足智多謀,occupation,职业
864,有責任感,rock,岩石
865,自私,to be vegetarian,吃素
866,敏感,vitamin,维生素
867,怕醜,AIDS,艾滋病
868,儍,anorexia,厌食症
869,怪,salmon,鲑鱼
870,固執,arthritis,关节炎
871,蠢,boxer shorts,平角裤
872,迷信,maroon,枣红色
873,靠唔住,caffeine,咖啡因
874,怪,stapler,订书机
875,聰明,nail clippers,指甲刀
876,禿頭,athlete's foot,脚气
877,靚,knee,膝盖
878,得意,cherry,樱桃
879,黑暗,tuna,吞拿鱼
880,肥,cantaloupe,哈蜜瓜
881,適合,violin,小提琴
882,靚仔,fig,无花果
883,瘦,guava,石榴
884,老,instant noodles,方便面
885,蒼白,kiwi,奇异果
886,懷孕,melon,哈密瓜
887,性感,turnip,萝卜
888,矮,broccoli,西兰花
889,皮包骨,ambitious,有野心
890,苗條,carrot,胡萝卜
891,强壯,Oolong tea,乌龙茶
892,粗壯,electric razor,电剃须刀
893,高,shaving cream,剃须膏 
894,瘦,conditioner,护发素
895,醜樣,hungry,饿
896,年輕,civil servant,公务员
897,植物,sink,洗手盘
898,竹,computer ,电脑
899,盆景,office,办公室
900,灌木,engineer,工程师
901,仙人掌,office worker,上班族
902,聖誕樹,bodywash,沐浴露
903,蒲公英,condom,避孕套
904,花,pharmacist,药剂师
905,森林,vaseline,凡士林
906,草,have lunch,吃午饭
907,茉莉,thumb,拇指
908,葉,deodorant,止汗剂
909,百合,statistics,统计学
910,蓮花,lingustics,语言学
911,橡木,skinny,皮包骨
912,蘭花,elephant,大象
913,花瓣,unreliable,靠不住
914,根,reliable,能依靠的
915,玫瑰,polite,有礼貌
916,向日葵,patient,有耐性
917,樹,impolite,不礼貌
918,一半,shampoo,洗发水
919,足夠,impatient,没耐性
920,幾多個,wasp,黄蜂
921,幾,owl,猫头鹰
922,部份 ,I love you,我爱你
923,整個,Christmas tree,圣诞树
924,宗教,diabetes,糖尿病
925,神,Christian,基督徒
926,聖經,biology,生物学
927,天主教徒,we,我们
928,基督徒,radio,收音机
929,基督教,graduate ,毕业
930,教堂,TV series,电视剧
931,魔鬼,bus stop,公交车车站
932,天主,part ,部份
933,猶太教徒,sunflower,向日葵
934,猶太教,where?,哪里?
935,祭祖,motorcycle,摩托车
936,佛,calculus,微积分
937,寺廟,traffic lights,交通燈
938,天后,Muslim,穆斯林
939,伊斯蘭教,whiteboard ,白板
940,穆斯林,kindergarten,幼儿园
941,清真寺,subway station,地铁站
942,巫婆,depression,抑郁症
943,餐廳,dandelion,蒲公英
944,煙灰缸,economics,经济学
945,收據,kid / child,小朋友
946,廚師,how are you,你好吗
947,客人,ashtray,烟灰缸
948,餐牌,how many?,多少个?
949,貼士,ten thousand,一万
950,侍應,Christianity,基督教
951,洗手間,see you tomorrow!,明天见
952,唔該埋單,cactus,仙人掌
953,邊度,washroom,卫生间
954,呢度,Master's Degree (MA) ,硕士
955,嗰度,high heels,高跟鞋
956,近,jeans,牛仔裤
957,遠,concert,演唱会
958,方向,gangster movie,警匪片
959,左,cartoon,卡通片
960,右 ,marble,大理石
961,上,music,音乐
962,下,pink,粉红色
963,裏面,concrete,混凝土
964,出面,keyboard ,键盘
965,北,Cantonese,广东话
966,南,dishwasher,洗碗机
967,東,action movie,动作片
968,西,Christmas tree,圣诞树
969,係,Easter,复活节
970,去,report card,成绩表
971,嚟,sad,不开心
972,機場,Judaism,犹太教
973,單車,cauliflower,花椰菜
974,巴士,I love you,我爱你
975,巴士站,sociology,社会学
976,巴士總站,epilepsy,癫痫
977,船,migraine,偏头痛
978,車,pneumonia,肺炎
979,公里,Christmas,圣诞节
980,電單車,mosque,清真寺
981,飛機,Jewish person ,犹太教徒
982,地鐵,bus terminal,公交总站
983,地鐵站,indigestion,消化不良
984,飛,in a bad mood,心情不好
985,機票,alcoholic beverage,酒类饮料
986,火車,absent-minded,心不在焉
987,紅綠燈,Catholic,天主教徒
988,電車,thirty eight,三十八
989,行,not too many / not too much, 不太多
990,電視,movie star,电影明星
991,收音機,Islam,伊斯兰教
992,主持,surgeon,外科医生
993,電台,fifty two,五十二
994,電視劇,frying pan,煎锅
995,跳,energetic,精力充沛
996,爬,Lunar New Year,农历新年
997,爬,responsible,有责任感
998,拉,Santa Claus,圣诞老人
999,逃,hot chocolate,热巧克力
1000,跌,boba tea / bubble milk tea,珍珠奶茶
1001,去,forty one,四十一
1002,跳,play violin,拉小提琴
1003,跪,urban planning,城市规划
1004,拉,polar bear,北极熊
1005,推,twenty,二十/廿
1006,搖,strawberry,草莓
1007,轉,homemaker,家庭主妇
1008,振,"bill, please!",麻烦结账
1009,行,"bill, please",麻烦结账
1010,感覺,high school diploma,中学文凭
1011,搵,resourceful,足智多谋
1012,聽見,you're welcome,不用客气
1013,無視,speech therapist,言语治疗师
1014,收聽,heart attack,心脏病发作
1015,看,mammal,哺乳类动物
1016,搵,Coca-Cola,可口可乐
1017,通知,how have you been lately?,你最近怎么样
1018,見到,have you eaten yet?,你吃饭了没
1019,望住,lactose intolerant,乳糖不耐症
1020,睇,mouthwatering,看到都流口水
1021,雲,could you speak slower?,你能说得更慢点吗
