Source,https://words.hk/faiman/analysis/charcount/
"
",96109
"",96109
 ,54069
$,204
%,1528
/,3012
0,5145
1,6010
2,4852
3,1923
4,1691
5,1815
a,22416
b,3971
d,5202
e,23854
f,2966
g,4068
i,15204
l,13913
n,18806
o,14217
p,5175
r,11148
s,10100
t,12709
u,8029
v,1960
w,2840
z,334
…,9990
、,7257
。,76756
「,24390
」,24364
㗎,935
一,40733
三,2891
上,8068
下,8722
不,12191
且,1182
中,6279
主,2206
之,7832
乜,1940
事,6336
二,2048
交,1078
亦,3370
人,25719
今,2725
仔,4123
他,2352
以,13809
仲,5261
件,1796
企,1738
伏,156
似,4068
但,9870
位,1926
低,1705
住,7016
你,24115
佢,21179
佬,851
使,1239
例,1292
便,519
係,58450
俬,6
俾,3454
個,26373
偏,430
做,7621
傅,278
傢,15
傳,1094
全,3478
兩,3223
八,952
公,2863
六,846
其,6344
冇,3585
冷,636
出,9358
初,809
別,1070
利,1122
到,18645
前,3677
剔,25
劃,281
劏,45
力,3135
加,2433
努,373
動,2462
包,878
北,330
十,3029
半,1097
厓,1
去,10507
參,410
又,8384
友,2918
受,1683
口,3043
另,1263
只,5567
可,11298
台,826
叻,212
各,788
同,14285
吖,278
吸,438
呎,44
呢,14203
味,857
咁,16922
咖,247
咗,8167
咩,6763
哋,4113
哥,816
唔,34780
唯,437
啊,655
問,4695
啡,191
啱,941
啲,6595
喇,1482
喪,131
單,1887
喺,5589
嗯,173
嗰,2710
嘅,27130
嘈,235
嘢,3877
噉,700
嚕,30
嚟,4560
嚿,32
四,1554
圍,632
地,9947
坊,117
坑,60
埋,3442
執,594
堆,652
堪,70
塵,119
境,477
外,2288
多,9605
大,13682
天,2557
太,2282
奇,841
女,5162
好,24527
如,6716
始,2194
子,2432
宋,63
完,3756
定,4752
客,801
室,427
家,8709
察,467
實,5896
將,2470
尋,301
對,5983
小,3321
少,3851
就,17689
居,431
屋,1526
屍,175
層,624
山,815
州,173
工,2425
己,6044
已,5335
市,1024
布,290
帆,15
希,685
師,1219
帶,1097
幫,1460
平,1949
年,5419
幾,6441
床,294
底,925
度,5020
座,314
廁,296
廚,123
廢,478
廣,1108
廳,262
式,1047
引,601
張,1443
影,1321
後,9304
得,12993
心,6310
必,1013
忙,297
惠,85
想,6244
意,5051
感,2134
應,3346
成,6110
我,44868
户,4
房,724
所,5978
手,4358
打,4025
托,152
抵,207
拖,584
拜,369
拱,11
挑,188
探,248
接,1700
推,856
提,1253
搞,1754
搬,151
撈,70
撤,29
擺,395
攞,212
攤,125
攰,67
放,2102
料,577
斤,67
新,2049
方,3408
於,4897
施,250
日,6633
早,1287
星,955
時,9065
晒,2417
晚,1110
書,2236
最,5012
會,15588
有,26121
朋,1636
服,568
望,3085
朝,376
期,1440
未,2731
本,4569
村,292
果,7739
枱,150
柴,150
條,2583
業,1016
概,622
樣,6103
機,2842
橫,194
櫃,115
次,3973
正,3320
步,1075
歸,395
死,3190
比,1994
氏,84
水,2355
江,174
污,163
決,1135
沖,223
法,3708
活,1086
淡,270
清,1739
減,285
港,4643
滿,832
潔,128
火,855
灶,10
為,9236
焗,44
無,12740
然,10989
煎,48
照,772
煮,156
燒,375
爆,795
爐,102
爛,362
片,746
特,1211
獨,577
現,3027
理,3585
環,711
生,7444
用,5546
田,180
由,2116
申,268
留,1191
當,5028
痕,123
發,4366
盒,201
盡,814
直,2322
相,2988
真,8457
睇,5817
督,55
知,7729
砌,108
砰,23
磚,38
祖,290
神,2249
租,130
秤,21
移,302
程,765
空,885
第,2195
範,210
籍,70
精,947
粿,1
糕,103
糟,103
約,560
終,1838
絡,225
統,558
經,6931
線,1367
繼,1576
續,1721
美,1380
考,936
而,7195
耐,948
聚,205
聯,466
聲,3736
能,4415
自,9337
至,3062
致,395
興,709
舊,778
舒,150
茶,384
落,3174
蒸,43
蔔,21
薯,34
蘿,38
處,1184
行,4159
街,1585
製,261
褥,4
西,904
要,12431
見,4454
視,1148
覺,4057
解,4133
言,1843
訂,102
計,1255
訪,175
試,1395
話,9913
該,2293
認,1712
調,725
論,1640
諗,3209
講,10815
識,2927
買,1219
貼,355
賣,593
購,62
贈,38
走,2611
起,3653
趣,534
足,1026
路,2083
踩,117
身,3673
較,602
輩,140
辦,854
近,1429
返,3813
送,677
逃,185
通,2527
連,1768
週,54
運,782
過,10177
道,3743
遠,1077
遷,61
避,395
邊,4093
郁,366
都,24984
鄉,188
鄧,41
鄰,43
醬,37
里,249
重,2532
量,821
金,1409
鋪,329
錦,34
錯,1732
鍾,907
鑊,188
鑿,37
長,2079
開,6084
間,4276
阿,3139
限,382
隔,431
際,414
險,303
隻,1738
雅,117
雖,1368
靚,683
面,6569
頭,4317
頹,79
題,2459
願,475
顧,401
風,1213
食,3682
飯,1103
餐,597
香,4005
體,1393
魂,227
麵,307
黐,70
點,8300
！,8544
（,4074
）,4142
，,151468
：,10658
；,2114
？,14976
～,1251
🥲,1
(,1548
),1583
-,2330
6,2731
7,1217
8,1558
9,1867
A,3938
C,2207
D,3900
G,804
I,1778
L,1721
M,1465
O,3132
P,1132
S,2483
T,1994
U,394
W,1532
c,6698
h,6747
j,600
k,3088
m,8116
x,630
y,4550
㩒,17
並,829
享,318
仍,984
令,1754
估,992
作,2887
來,4445
儲,149
先,5452
入,4731
兼,171
再,4876
分,3981
列,396
制,809
刻,2200
則,664
剪,92
勁,331
勝,343
印,457
即,3382
原,2224
句,2254
叫,3262
合,1409
名,1829
吓,630
咪,3102
啦,7208
嘗,362
基,762
夠,1920
失,1556
嫌,133
存,565
容,1116
差,1208
常,1809
強,1046
快,2216
思,1408
性,1828
惜,386
愛,1828
慣,327
懷,390
或,2410
投,685
拆,167
拎,1466
排,768
換,668
搵,2183
改,976
教,1540
整,899
數,1946
易,885
暢,83
曬,224
更,2269
東,1322
板,214
枝,198
某,748
查,396
根,1392
格,864
求,1265
淨,497
添,382
準,629
煩,411
版,407
甚,2035
畀,1565
略,312
疑,559
痴,488
礙,67
種,2490
窒,71
筆,445
算,2931
簡,962
細,1996
網,776
緊,2574
縮,151
總,1067
缺,243
義,1065
者,3549
耗,53
背,601
腦,910
裝,496
複,230
規,411
記,2121
語,3324
說,1844
譬,105
變,2589
象,619
資,794
超,696
越,619
跳,512
軟,227
輕,832
輸,428
轉,1425
迎,243
部,2011
釋,512
錄,391
錫,159
鐘,1204
障,104
隨,836
雜,384
電,2513
需,892
震,355
非,1104
音,1624
頁,120
順,480
預,434
類,1037
首,979
驗,405
驚,1197
高,2395
麻,421
齊,1329
﹑,6
＋,67
 ,2
　,5812
七,788
九,767
五,1269
代,1853
候,1597
免,475
勞,174
千,1036
否,407
呱,13
員,959
嘥,39
回,1741
因,4296
字,2767
富,261
展,666
從,1286
情,3335
描,118
擴,71
救,479
既,18263
普,945
析,214
汗,201
況,884
球,693
甲,126
盾,110
矛,121
示,699
祈,156
究,1406
竟,2256
符,194
答,1143
籃,63
結,2175
翻,300
肉,526
肚,285
苦,776
表,1769
補,446
詞,1118
請,777
謂,975
豪,184
費,573
跟,954
輪,408
辛,266
述,262
酸,99
錢,1595
關,2149
除,1082
響,811
顯,600
飲,1074
／,603
"""",536
",",3155
:,1466
B,1970
E,3924
H,831
R,1158
q,199
久,268
乏,103
互,306
仗,89
份,1597
伸,196
依,3484
保,935
倍,118
內,1027
切,880
勇,236
勾,100
化,1586
卷,108
反,2122
君,275
和,736
善,333
國,3010
在,2965
場,1819
墮,46
壞,371
奠,10
嶄,7
延,123
弱,297
形,795
律,562
志,295
念,685
惡,475
態,666
慘,379
戰,876
承,467
抗,314
持,945
指,1166
損,109
收,1423
敵,205
文,5273
旨,111
明,3775
權,771
此,1221
武,329
殘,222
殺,1136
毒,659
民,1830
注,318
深,1136
源,622
爭,659
物,1553
狀,342
產,656
百,1013
益,261
省,142
破,514
社,975
科,803
稅,68
立,1081
等,2443
節,763
篇,659
素,325
組,462
綁,90
職,487
育,327
荼,6
衍,47
衡,117
角,881
討,394
設,413
誤,341
謀,105
責,499
質,606
賴,123
迫,390
造,429
醒,682
露,315
頂,682
鬥,360
龐,33
.,4537
伊,72
併,21
修,324
元,323
兵,269
刀,337
劍,167
升,640
取,552
古,569
周,551
唐,286
嘛,913
器,243
土,555
型,417
城,692
堡,36
塔,322
士,1239
姨,50
官,531
宮,78
寶,306
寺,13
射,329
廂,121
廟,76
建,614
弩,4
彈,459
慧,88
慳,122
戲,714
技,461
折,171
拔,62
招,342
播,263
據,510
攻,253
斥,98
斯,407
斷,1050
是,4750
智,356
暗,461
暫,210
替,120
木,272
材,295
樓,843
標,589
止,733
殖,99
每,1646
派,534
流,1280
海,1043
混,192
測,203
炮,124
營,180
爽,149
牆,168
玩,1619
看,639
眼,2197
瞭,19
硬,390
磨,143
礦,54
祝,243
福,371
禦,4
童,227
箭,97
築,73
粉,236
羊,51
聖,282
船,224
色,1690
英,1297
蒙,57
藏,145
蘭,214
衝,448
貿,46
車,1612
軍,313
轆,7
農,110
速,421
遊,662
選,1204
銃,3
鎮,127
門,1371
防,254
降,279
院,556
駝,18
駱,14
騎,83
黑,999
_,850
—,760
〈,308
〉,309
《,1296
》,1296
『,678
』,678
あ,15
い,50
き,5
く,3
し,26
つ,11
て,27
で,18
ぬ,2
の,30
ば,4
べ,7
み,10
も,33
ら,16
丈,54
世,2872
乎,1449
也,1034
乾,276
亂,857
了,2216
予,63
亞,291
亡,250
京,102
亮,143
仇,106
付,294
任,1468
仿,43
佈,159
佐,43
何,1650
佩,44
信,2018
俱,56
倒,515
倖,22
值,752
偉,287
停,570
健,185
偶,144
偷,361
備,399
傷,534
傾,656
僅,104
僚,8
僥,11
價,815
儀,145
儘,43
兀,18
光,1210
克,130
兒,498
共,707
凋,7
凜,22
凝,63
凡,174
凸,46
凹,19
剎,83
剛,172
剩,249
副,287
功,848
劣,106
助,264
勉,115
務,485
勢,557
匠,24
午,167
及,870
叔,599
召,57
史,780
右,404
吉,119
吐,134
向,1721
吹,466
呀,6129
呆,300
告,478
呼,546
命,1092
咋,230
咽,22
品,1072
哈,2590
哭,131
哽,24
啓,4
啖,139
啼,22
喃,70
喊,394
喎,1349
喜,499
嘉,195
嘴,334
嚇,299
囉,1308
圖,652
團,409
均,130
坐,1047
堀,22
堅,439
報,976
墟,13
壓,412
夏,144
夕,175
夜,709
夫,283
夷,41
奈,195
奉,100
奏,76
奪,83
奮,189
妖,94
妙,375
妻,116
姿,100
娑,2
婆,883
婚,813
婦,94
媽,998
嫂,95
孔,101
季,86
孫,137
孺,5
守,321
安,1245
宏,29
宗,175
宛,7
宜,215
宣,245
寂,93
密,319
寫,2520
封,307
尊,241
局,554
屈,160
屬,416
岡,14
島,387
崎,23
川,27
左,7040
巴,508
帝,219
幅,147
幸,358
府,610
廠,103
弄,70
彌,45
彷,72
役,68
彿,51
往,732
征,22
待,415
復,371
微,411
徵,141
忍,605
忖,4
忠,215
怨,165
恙,7
恨,170
恩,163
悉,150
悔,198
惟,23
愈,906
慶,198
憐,125
憑,151
憤,95
懸,47
懾,3
扭,152
扯,132
把,842
抑,124
抖,106
抬,163
抱,252
抹,191
抽,375
拉,636
拝,1
拳,203
拾,79
振,134
捉,366
捨,196
措,60
揚,171
揸,143
摧,38
摸,256
撫,41
擊,482
操,198
擎,19
擠,100
擰,81
攘,14
支,827
政,1463
故,1071
敗,439
散,504
斜,77
斬,129
族,384
旭,5
春,295
曽,17
曾,601
月,1335
朕,15
朽,25
松,30
架,2922
染,158
棄,421
棵,60
楚,603
極,1122
榮,154
模,339
樹,236
橡,7
檢,123
櫻,37
欄,77
欲,169
欺,74
歌,936
歐,276
歪,70
歲,570
歷,672
殆,11
殊,71
母,899
氣,2260
永,476
汽,37
沉,371
沒,770
河,171
油,266
治,713
泉,43
洋,294
洞,118
浮,161
涼,219
淚,295
湊,80
溫,442
滅,248
滴,138
滾,136
漫,277
漸,222
激,414
濫,56
灰,239
炸,343
烈,257
烘,5
烙,4
烤,9
焦,83
焰,22
煉,26
熟,494
爬,83
爲,63
爸,564
爾,294
牌,580
牧,47
牲,123
犧,122
猶,150
獄,109
獵,82
獻,138
玉,113
琴,137
瑕,13
瓣,9
甘,194
界,1938
畢,420
疵,7
痛,682
白,1917
皆,199
皇,247
皺,76
皿,6
盛,170
目,1168
眉,171
眶,27
眸,15
眾,711
瞄,17
瞳,17
砍,8
碎,154
確,868
禁,277
禮,588
秀,250
稱,479
穿,317
突,1217
站,406
章,345
笑,2662
管,502
篤,84
籟,10
粗,384
粹,174
糊,112
糖,149
糙,7
紅,830
紋,53
紙,676
級,513
絕,1020
絢,3
絲,332
維,474
綻,20
編,329
緩,100
練,401
縣,31
績,145
置,356
羞,51
群,359
翼,126
老,4171
聞,644
聽,2996
肯,784
脫,243
腳,692
膊,137
膠,358
膽,212
臂,98
臣,74
臨,263
與,825
舉,583
舍,75
航,43
艙,4
艦,15
良,458
艷,10
花,1195
芽,17
苟,33
若,485
茅,28
茲,11
荒,102
萬,1248
著,1510
蔭,28
藝,412
藤,39
蘇,87
虛,283
蟬,24
血,631
術,664
衷,82
被,1079
裡,511
襲,124
親,661
觀,919
訊,306
訓,545
許,323
註,124
詔,4
誓,66
誠,757
課,263
諾,76
證,643
讀,1298
貌,214
負,415
貨,376
貫,104
賞,241
賦,45
贏,293
赴,25
趨,69
跑,378
距,194
跡,161
躍,73
軀,49
輔,116
轟,157
辜,96
辱,71
込,3
逆,114
逐,270
途,272
逢,96
進,1002
達,671
還,827
那,792
郎,184
配,342
酷,45
銳,36
鋁,12
鋼,100
鍛,25
鎖,170
鑑,24
陋,28
陛,3
陣,2310
隊,564
雀,126
雙,629
離,1396
難,1830
雪,264
雲,330
零,571
霜,27
霸,273
靜,674
靠,409
革,153
鞏,28
項,120
領,419
飄,98
飛,857
馬,735
駕,42
駛,930
鬚,91
魚,396
鳴,91
麗,158
鼻,189
鼾,8
𠵼,4
N,889
[,815
],813
–,76
“,167
”,212
丁,177
仁,294
休,209
佳,183
俗,201
借,310
倪,24
催,82
像,548
具,294
冒,83
刊,48
創,315
匡,25
嘞,185
固,176
壹,6
媒,154
學,5225
寵,62
專,560
尚,190
屑,38
帥,20
彩,433
怡,18
急,756
恥,145
才,554
括,237
挈,4
按,269
搭,467
攪,72
敬,141
晨,118
曙,8
李,340
林,1791
榨,26
橋,239
段,749
波,597
洗,568
津,81
浸,108
淪,58
渡,96
湮,7
潘,40
澤,75
煙,471
燃,50
牛,596
犬,25
王,686
畫,709
異,597
疫,57
疾,62
癮,124
的,6732
盲,119
着,120
碗,290
私,294
稿,90
窗,222
竽,2
箇,30
籽,4
粕,2
系,522
紀,424
綱,36
緣,185
習,614
艱,63
華,604
董,66
葬,39
薦,29
薰,22
蘋,102
號,638
衰,385
觸,247
評,479
談,348
護,478
貪,117
輟,2
輯,173
輾,17
辭,189
追,719
退,415
適,355
遲,520
采,51
鍊,72
鏡,310
鐵,534
閱,90
陶,86
雁,3
集,563
餘,438
驅,60
鷹,37
鸞,1
黃,700
黨,272
龍,495
F,1142
─,2689
【,393
】,393
㝝,1
供,295
兜,147
冊,62
冠,98
刷,42
叢,26
呈,51
嘸,6
圈,222
培,53
契,112
妄,69
寄,106
寓,20
巧,233
帖,46
席,198
庭,241
徒,187
慚,19
戴,261
扎,101
拿,338
捏,20
授,148
掌,223
掛,428
握,220
揮,319
撇,42
昔,31
校,811
核,203
楷,12
構,230
演,612
漢,365
澳,200
燈,462
狂,393
獲,134
疇,24
盔,39
瞞,23
研,349
穢,22
策,157
粒,333
縱,87
繃,23
纂,4
耳,456
草,281
虹,13
蛇,149
衣,272
覽,66
議,748
豐,139
跨,44
踐,50
遺,166
邀,54
鍵,120
雞,875
霓,4
靈,442
鞭,32
頓,138
飾,144
驟,34
’,201
丹,100
乘,215
伴,166
侶,105
假,812
償,48
刺,176
劇,565
卡,469
含,182
哲,266
唱,725
啟,132
噚,9
園,299
堂,526
增,189
奧,120
奴,86
姻,80
威,423
孕,34
宰,19
寞,39
尼,325
帽,84
幕,225
彼,100
德,363
忽,571
慕,54
慮,214
慰,149
戀,391
挪,19
挽,46
捩,3
掘,74
控,350
揭,75
擇,516
擬,60
旅,270
映,146
景,521
枯,32
樂,1159
歡,443
毫,364
汲,10
沌,10
淺,184
滯,150
焚,41
熱,723
燥,30
男,2167
瘋,193
癲,169
短,575
碼,476
簾,31
索,410
繞,72
繹,25
羨,32
翁,29
胸,216
腰,109
舞,270
般,461
芬,53
萎,15
藉,85
蜜,70
融,351
襟,22
貓,218
貴,351
趕,254
蹈,34
透,334
遇,421
邃,4
酌,10
酒,797
酗,5
醉,217
醫,803
陽,324
隸,35
骨,300
鬆,258
鬧,417
魯,80
麥,154
齣,30
．,412
J,2166
K,1169
V,842
X,312
Y,474
乃,114
乍,5
些,485
典,443
勸,128
匪,101
協,108
博,197
危,247
卻,219
后,46
呂,64
哼,168
喚,39
嘆,206
填,202
壇,91
夥,16
妥,67
徹,137
慨,57
憶,231
扶,130
抄,131
揀,450
曲,384
洩,74
涉,178
溢,11
潭,27
濟,415
瀕,12
牽,133
犀,45
狗,390
獎,114
珊,25
珠,173
瓜,121
甜,196
盈,64
窩,45
簿,39
純,354
綫,26
織,186
茄,28
菲,85
葛,24
虧,41
覆,309
詠,91
誼,60
謙,91
豬,344
輝,99
闊,116
闌,10
陳,422
階,190
雨,389
霑,20
頻,100
額,144
駒,20
魅,36
鮮,190
齒,80
介,399
叮,90
吃,233
吞,151
咬,254
哪,88
喉,110
嗎,300
圓,472
店,361
廿,380
很,395
悶,259
掉,154
束,173
棠,19
櫈,37
汁,56
游,209
湯,112
滲,35
潤,42
澱,7
炒,414
瘦,108
皮,466
祥,43
紹,154
缸,20
耀,53
肥,299
脹,73
膏,27
膨,26
荳,2
菜,206
蓋,115
薄,178
蜃,5
襯,119
豉,22
迷,305
這,1214
醃,5
陸,429
韮,2
須,231
餃,15
鬱,83
鹽,48
😇,2
娟,13
媚,30
嬋,1
弊,50
忌,136
惹,43
昧,45
晝,88
暇,35
暖,137
曖,23
杯,398
棍,85
浪,335
涯,50
漱,3
潑,32
瑪,42
石,431
禍,77
蓄,44
藍,245
衛,168
裏,203
謠,27
譜,87
譯,167
霎,13
=,636
?,679
准,65
募,6
區,832
厚,187
呵,183
央,84
套,623
嬰,25
屯,22
康,164
徽,2
息,527
撐,117
擔,442
梯,182
椅,37
氹,49
池,117
沙,411
沿,89
泊,45
渣,456
溝,268
滑,133
父,288
班,1363
病,596
療,75
署,114
荷,72
蜂,20
詢,49
諮,10
轄,5
逾,13
違,103
郵,76
野,3448
附,265
雄,255
養,353
駐,26
黎,4257
齡,57
＠,7
亭,61
仆,704
仙,130
倫,136
充,394
冬,85
叉,94
啪,124
囊,50
坪,8
坳,6
埔,56
壩,5
姐,484
孤,143
尾,624
屎,367
岔,23
徑,88
忘,250
怕,604
愧,51
慎,33
慢,1466
懶,262
拋,175
挫,33
捱,126
掂,441
揹,30
搽,19
撞,447
敢,444
斟,24
昂,30
杖,31
樽,44
檔,141
檬,30
檸,84
毅,28
泡,93
泥,120
浩,65
消,657
涌,33
淋,83
湖,77
漿,35
濕,263
灣,323
炎,71
獅,62
登,1856
瞓,322
碌,261
積,166
米,376
糧,90
紮,58
累,118
給,280
耽,12
胃,80
脾,81
腎,8
腐,84
腸,113
腺,8
蓮,58
蕉,57
蛋,289
衫,464
褲,267
謝,518
豆,265
赤,86
趁,123
跚,3
跣,27
蹣,3
遙,64
針,151
鉛,39
錶,41
陰,297
霧,115
鞋,182
鞍,14
韌,5
餓,98
騮,6
鳳,44
鵝,35
鹹,126
齋,102
龜,57
😂,10
😎,4
Q,228
Z,299
丸,61
亢,24
佔,228
俠,49
兔,16
勃,28
卑,62
南,335
叛,38
唂,2
塘,82
夢,445
戶,133
拃,4
拙,26
搖,309
撲,86
旋,90
昕,2
樸,28
毛,269
泰,114
滄,28
漁,82
漏,138
潮,266
熊,85
牙,272
琪,37
窮,189
笨,77
粵,1120
腔,50
苗,13
莊,162
葉,190
蓬,21
蛙,27
蜑,9
蝦,106
詩,387
諷,68
諸,179
財,250
貧,62
貶,49
蹊,12
迪,72
郊,27
鄭,108
闢,11
青,738
韋,20
鴨,75
☎,1
刋,1
卜,38
商,437
啫,646
喱,33
嗌,132
搶,231
猜,70
籠,53
粥,98
脆,69
誌,83
遮,196
釘,87
飽,113
️,37
😆,4
#,959
ガ,2
デ,2
ヌ,2
ボ,2
ル,2
ン,9
ー,11
乞,71
侍,35
吧,365
哂,208
啅,2
嘔,134
址,47
塊,396
夾,347
屌,594
岩,1416
幽,71
戚,102
氛,91
焼,2
疚,34
碟,174
窄,73
窪,4
罐,64
罪,364
舖,102
荔,7
蚊,332
遞,107
銷,62
鍋,25
阻,341
韓,177
﹕,10
勵,108
悅,71
框,80
欣,360
緻,25
聰,137
鼓,207
🥂,1
亶,1
壯,101
奄,25
戎,7
昌,21
柒,220
殷,21
秦,204
稷,2
蠻,30
軒,28
轅,6
遼,6
邦,50
²,3
³,3
¹,3
⁰,1
串,175
伍,27
佑,40
促,68
允,15
凌,118
卒,34
司,1376
嗇,8
噃,28
埈,2
奔,93
妨,57
委,175
孭,13
孽,22
宇,138
寬,62
尤,351
巡,26
庫,70
恫,4
扮,371
批,284
捐,62
捲,79
搓,27
擾,110
斡,1
曹,29
梗,473
棚,14
毋,73
洲,195
液,73
炷,4
煞,42
爵,21
爺,150
牴,3
畋,1
症,86
瘟,10
盂,23
盟,58
祠,14
秋,160
稍,152
端,214
竹,86
筒,75
籌,89
紳,10
繩,81
罩,180
羅,214
肆,58
肇,14
莫,228
藥,224
虐,51
蝕,111
衙,5
袖,82
訣,20
誕,119
賽,198
赦,24
載,163
轎,8
辣,79
逼,158
酬,36
醮,9
閉,279
閘,87
閣,19
陷,135
頒,17
壤,5
序,182
挖,57
撳,89
敦,67
柔,125
牢,27
疏,65
監,236
盤,296
窖,8
隆,57
騰,103
黏,21
*,363
+,120
;,64
@,67
^,34
~,492
Ⅱ,1
⋯,507
〜,5
お,5
か,27
こ,9
ご,2
さ,2
た,14
だ,8
ち,10
っ,9
と,17
な,19
ふ,1
ぼ,1
ゃ,2
ょ,2
り,8
ん,10
ア,1
イ,2
エ,1
キ,4
ク,5
コ,2
ジ,2
セ,1
タ,1
ト,2
ド,1
ナ,1
バ,2
パ,1
ヘ,3
マ,3
メ,2
モ,2
ヤ,1
ラ,3
リ,2
・,11
乙,56
伙,112
伯,235
侵,73
俄,25
俺,2
偈,107
偽,125
債,54
優,298
冰,122
凍,180
凪,2
刁,24
劑,45
勿,46
匣,13
厭,145
吊,77
吟,52
吼,35
呃,236
呻,49
啾,3
喻,88
噁,15
噌,3
嚴,308
困,179
圾,295
坡,51
垃,298
塚,6
塞,136
妹,452
娛,89
嫉,7
嬉,55
嬌,105
嬲,350
宙,83
害,321
寧,186
導,403
巨,120
巷,48
幻,253
御,17
怪,926
恆,94
恐,414
恰,49
悪,1
悲,255
惑,119
慾,59
憎,176
懵,39
懼,98
戇,104
戒,136
戙,4
扣,113
拍,835
拒,180
掟,124
插,351
揣,13
揼,49
摏,2
撒,31
撚,917
擅,33
效,331
斗,52
昇,34
晏,73
晰,73
暴,299
曜,1
桃,51
案,474
桶,73
歉,157
歎,88
気,1
淫,123
渠,59
渴,61
潦,7
煲,97
犯,346
率,274
珍,164
甩,163
番,2037
疆,9
疤,13
痾,22
瘡,23
盼,42
眠,58
睡,90
矇,21
矮,68
矯,7
砲,5
秏,1
秘,333
稔,4
稚,64
篩,26
絨,10
纏,86
纖,27
羽,40
聊,132
肺,111
脚,6
臉,420
臭,160
舌,62
茨,1
荀,6
菇,29
虎,122
蟹,24
蠱,22
袋,595
裕,15
裹,10
誇,105
謎,44
謬,41
讚,208
豈,65
賜,26
賺,158
蹟,23
軌,61
辺,1
遍,131
遣,28
銀,348
閂,106
閒,369
関,4
閪,62
阪,6
陪,264
霉,31
顏,115
顛,41
館,244
餸,36
馨,35
髮,351
鱗,7
鳩,427
默,277
＜,30
𡃁,7
冽,3
塗,26
姓,93
悼,37
沐,14
熾,9
矣,47
竊,54
莎,21
鴉,21
咀,111
哩,109
唶,124
喂,645
嘿,275
域,81
審,143
拗,107
摘,25
撕,46
旁,250
睥,15
茂,25
警,743
兄,383
哄,30
啞,75
崩,93
慷,11
擁,165
暮,19
梨,51
棲,5
楊,197
泣,49
漲,38
潰,48
燬,2
疊,174
睛,85
票,568
競,85
簽,155
緒,162
肅,30
萃,10
邪,122
霄,10
鳥,189
鴿,24
＊,675
２,203
３,128
４,109
５,115
Ａ,653
Ｂ,285
Ｄ,1274
Ｅ,844
Ｋ,218
Ｍ,302
Ｏ,812
Ｒ,494
Ｖ,123
Ｙ,206
ç,3
í,12
ó,6
姜,2
姬,16
廷,55
晉,18
歧,83
汶,13
碑,36
芈,1
萄,38
葡,46
驪,2
丑,42
乸,31
侲,2
側,192
冧,81
刮,35
剃,12
削,27
剝,37
劉,171
叨,6
叭,11
吶,9
啤,179
喋,9
嘮,4
噏,75
埞,4
塡,1
墳,44
壽,72
奚,6
妓,38
姑,122
娘,178
嫁,475
寒,135
寡,36
尺,74
巾,103
帳,39
幡,4
廈,140
弟,381
彎,62
憂,97
扁,40
扇,31
掩,139
摟,11
撥,138
攋,4
斑,36
晶,44
杆,15
枳,4
桂,18
桔,5
梅,49
棉,31
棺,16
楣,5
槍,221
橛,2
款,236
歇,42
殯,5
殼,45
毽,2
淒,28
潺,12
瀡,5
灘,44
災,96
烏,107
煨,5
牡,42
玻,109
璃,105
瓦,26
瘀,17
砂,27
礎,67
稟,7
窿,85
笪,3
筲,4
箕,7
箱,116
籬,28
縫,30
罅,23
聾,18
肝,20
脂,30
腥,29
臘,27
舂,2
舵,2
芥,12
荊,32
菠,11
菩,15
蓆,12
薩,24
藕,4
蘸,2
蜆,1
蝨,3
螃,1
蟲,105
蠅,13
蠢,168
裁,55
訛,9
諧,62
賓,108
賭,200
跌,405
跪,100
踢,171
迴,120
逗,48
醜,144
釣,34
鈍,5
銅,91
閥,2
頸,133
餅,133
餼,1
駁,123
鬼,799
鱔,3
鷂,3
麒,2
麟,9
鼠,141
𠽤,1
𡁻,2
!,613
',184
>,194
乖,109
余,57
倆,19
判,307
啩,45
垂,53
徐,114
怎,169
愚,72
抒,32
拈,8
攬,137
朦,12
沮,26
瀧,11
煽,24
瞎,4
稻,12
繁,107
胡,151
腫,31
臃,2
蔑,15
詣,7
誅,24
諺,12
贅,11
邁,50
邏,97
魔,455
鴻,33
麼,921
［,448
］,447
冤,52
沸,14
狹,30
癒,6
蒂,17
賢,74
踭,7
躬,34
鞠,25
Ｌ,566
Ｑ,65
＿,88
厄,11
崇,95
巫,52
揾,51
洪,67
溶,49
祭,38
稀,50
胎,41
袱,20
裂,103
裔,29
賤,164
勤,88
姆,21
怠,26
惰,21
撻,54
訴,186
雷,130
﹐,43
懂,119
摺,67
鵲,3
鶴,10
㨴,5
佛,196
們,807
兮,24
匯,107
咒,61
咯,163
唥,10
嘍,18
垓,1
塑,63
奸,93
娜,59
媳,5
寸,57
幣,178
恢,37
悖,21
悟,119
患,84
惱,48
懲,49
扼,19
抉,3
拐,24
拘,43
掙,93
揦,4
援,95
搪,6
擋,66
敘,13
旗,113
旺,109
曱,38
植,62
歹,13
殿,21
毀,124
洛,25
涅,5
溯,11
滋,52
濃,99
濤,11
燴,5
玄,28
甴,39
癖,14
癡,30
祉,3
禤,1
秩,54
稽,25
綜,42
綿,30
繪,29
罕,44
罰,131
胞,33
膚,118
臆,10
苑,34
茴,1
蘊,26
虞,12
螂,7
螳,2
覓,27
詮,12
諒,115
謭,1
譏,3
踏,138
蹴,4
躋,1
轍,15
逝,51
鑾,10
闖,34
陌,72
隱,173
饅,10
饋,8
騅,2
魄,45
鯁,2
仃,4
伶,25
倔,9
傲,64
傻,343
冥,17
刃,10
刪,45
匹,25
卵,9
卸,34
吻,54
嘲,45
坦,228
奢,45
她,537
姊,62
嬅,95
孩,196
它,51
宴,51
宿,108
寥,16
尬,50
尷,53
屢,39
崖,15
幼,125
庸,114
廓,22
徊,14
徘,15
徨,7
徬,5
怒,220
恭,105
惘,18
愉,38
憧,13
憬,12
憾,79
懈,18
截,118
找,217
抓,56
拷,5
挺,52
捧,54
掃,169
採,79
摯,7
攏,16
敲,96
昏,129
晦,23
曆,106
檯,144
浴,37
淵,14
渦,9
漩,7
熔,16
狙,18
狠,161
猛,127
瓶,24
疼,7
眷,17
睹,28
磊,7
祐,2
禱,21
秒,443
穩,202
紗,44
羔,7
耕,27
耘,4
耿,19
舛,3
芒,74
蔽,11
託,39
誰,175
讓,242
谷,99
貢,97
辨,46
迥,3
鑄,16
鑣,11
頑,20
馴,11
&,90
 ,102
う,14
え,2
が,10
け,8
に,14
は,12
ま,24
る,14
丟,69
井,57
伺,15
侈,13
倀,2
倉,76
倡,32
傍,26
傘,47
傭,20
僧,8
億,137
儆,4
儒,43
儼,6
兆,25
兇,126
兌,22
冀,6
刑,76
剖,8
割,104
剷,47
劈,131
劫,81
勻,35
匆,99
区,2
匿,63
卓,12
卦,24
厘,56
厲,57
叱,21
吒,3
吱,33
吽,14
吾,104
咎,10
哀,122
哉,35
哎,109
哣,11
唉,263
唏,30
售,67
喘,70
喝,170
嗚,183
嗤,15
嘜,5
嘟,47
嘩,555
嘯,48
嘶,28
噓,42
噬,37
噴,163
噸,13
噹,50
嚥,7
囤,7
囪,6
埃,51
埗,37
墨,101
壁,56
壘,17
夭,18
夯,3
奀,13
奕,46
奶,214
妒,19
妝,74
姦,62
娶,55
婉,27
婿,8
嬸,46
孖,70
孝,51
宅,70
宵,76
寢,14
尖,234
尹,12
屁,47
屠,46
履,35
屹,12
岳,35
岸,122
峰,68
嵌,4
嶺,37
巔,16
巢,23
干,117
幹,123
庖,20
廉,103
廝,18
弦,37
彙,74
彰,18
徙,84
循,93
怖,173
恋,2
恍,24
恤,81
悄,24
悵,12
惋,8
惕,13
惶,32
惺,22
愁,75
憚,8
憫,17
憲,39
懺,15
戟,2
扑,106
扒,59
抆,12
拑,4
捕,99
捷,24
捽,46
掣,105
揑,2
搏,85
搗,17
搜,87
撩,32
撼,39
擘,27
擢,3
擦,105
擲,40
攸,4
敍,13
斃,18
斧,31
旦,68
昆,18
昭,27
暑,114
曉,94
曰,62
朔,7
末,156
朱,76
杉,10
杜,106
杭,6
枉,37
枚,32
柳,24
桌,10
桑,28
械,45
梳,96
棋,75
棘,13
榜,50
檻,16
欠,94
殞,7
氾,3
汞,1
汰,26
沈,54
沛,9
沼,4
沽,14
泌,5
泛,177
泳,68
淘,57
渺,36
渾,24
溺,15
滌,8
滔,60
漂,53
漆,60
漠,44
潛,154
澀,37
濁,15
濡,10
瀉,27
瀰,8
炆,5
炕,3
炙,12
炬,13
点,4
烹,8
焉,45
熄,96
熬,16
燦,31
燭,47
燶,17
狐,20
狡,28
猖,15
猝,12
猾,1
獗,11
獸,240
玲,128
琢,4
瑞,26
瓏,13
畏,28
畸,13
疲,58
痍,6
瘴,9
盞,51
眨,78
睄,23
硯,3
碰,73
碳,11
磁,73
磅,31
磐,2
祇,12
禽,17
稳,1
穀,7
穆,21
穴,16
窺,36
竄,15
竅,38
竭,31
笠,52
篡,4
籤,54
粟,34
納,125
紐,21
紓,5
紛,87
紫,89
絃,2
綑,12
綠,156
綢,2
綸,3
緬,12
縟,2
繆,2
纜,19
继,2
续,2
罷,138
翩,14
耆,4
聆,17
肌,45
股,394
胜,1
脈,98
腕,27
腩,31
腹,55
腿,114
膩,22
膾,7
臟,29
舟,57
艇,30
芙,3
芝,64
芳,53
苛,19
茫,87
莠,6
菌,28
萌,21
蒜,6
蓉,8
蔗,9
蕩,67
蕭,42
薪,84
蝙,6
蝠,6
螢,46
螺,25
蟻,28
裨,2
裸,47
褒,8
襄,11
覷,3
訝,88
詐,38
詭,41
詳,141
誘,84
諉,6
諱,11
謳,9
謹,52
譎,4
譽,62
设,1
豁,38
豔,28
豫,48
貝,32
賀,34
賄,8
賈,8
賊,57
賠,59
贖,29
趙,61
蹄,7
蹋,12
蹤,93
蹶,8
輒,9
迅,114
逍,8
逮,10
逸,25
遭,88
遵,22
郭,294
釐,11
鈴,52
銘,36
銜,20
鋤,12
錐,8
鏐,1
鑲,5
鑽,88
閃,255
闆,303
闕,3
阶,1
陵,7
雕,26
雛,4
靖,10
韜,7
韻,156
頌,57
项,1
颱,32
飢,18
餵,73
饑,7
饒,10
馳,40
騷,60
驛,5
骯,5
骰,40
髀,21
髒,8
髯,5
鱷,8
鵰,3
＂,40
－,779
１,319
６,109
７,84
＝,300
Ｇ,273
Ｉ,464
Ｊ,72
Ｎ,454
Ｐ,318
Ｓ,480
Ｔ,560
Ｗ,148
Ｘ,170
ｄ,5
冚,68
咦,147
嚮,27
押,78
淥,8
阱,23
＃,256
Ｃ,379
Ｆ,240
Ｕ,232
伎,2
唧,24
嶇,5
巒,1
戥,18
攀,16
攝,115
森,252
榻,3
温,13
澈,7
銹,4
頗,30
酋,1
→,38
佇,8
囡,45
棧,7
澗,1
脊,48
蚺,1
邨,20
凱,38
晴,51
梭,12
罔,8
‍,9
♂,1
䕺,1
噪,16
拼,135
撰,18
攔,17
梁,270
澄,25
瑣,19
糾,44
蔡,37
診,87
鑼,49
騙,43
🏻,9
💬,4
🔥,4
🙇,3
僭,22
貸,8
墊,25
🏿,4
🙏,4
傀,7
儕,7
儡,7
堯,5
幟,11
怯,16
捍,15
撿,7
擱,13
昨,37
柱,73
毁,12
沬,4
爪,38
狼,61
狽,10
睫,16
絀,4
聶,1
謊,15
鈺,15
閹,3
驊,3
俐,6
倚,23
垣,9
峯,4
曝,13
樺,25
籲,20
糞,5
緝,6
胖,8
裱,2
駿,10
骸,24
￼,4
𠝹,5
崗,34
棟,75
狸,11
两,4
个,108
乳,53
于,15
卅,9
卫,1
号,2
咳,118
哨,18
哮,21
图,2
坨,1
垮,4
塌,45
妊,1
姪,8
娠,1
学,1
尿,113
屏,24
岁,4
庆,1
怜,2
慌,97
懃,2
懇,46
旬,3
暈,64
氧,12
沫,37
泄,23
瀨,36
灌,26
琦,32
癌,31
矩,59
縴,2
繫,47
膿,12
艾,59
菁,4
薇,10
褂,1
誡,9
鏈,37
鸡,2
龔,5
｜,6
僵,31
壟,25
屆,86
鹵,4
吵,25
咸,38
掦,1
斂,18
芻,9
傑,133
閏,10
𤈂,1
券,47
伐,44
勒,35
哦,456
摒,10
癥,7
矚,2
祿,11
肋,11
荃,30
衞,7
仰,72
凰,8
刨,18
叩,2
唸,37
嗔,4
嗡,16
妮,26
嶼,53
弘,7
摩,128
柏,67
毘,1
瀚,3
燕,35
牟,11
禪,16
耶,54
虔,10
虫,3
蠟,31
誦,9
諦,5
迦,9
陀,38
馱,4
云,85
琳,16
贊,46
輿,27
鋒,88
飆,4
嗱,145
瀑,6
癢,20
踰,3
鉅,6
鯉,42
囚,28
俊,92
峻,7
掹,18
柄,25
栢,10
梘,9
箍,13
纈,1
蝴,11
蝶,20
褪,16
遢,20
邋,23
𨋢,33
拇,3
駢,4
𡁵,22
螞,15
咇,6
嶽,5
竉,1
蔬,1
匙,71
吔,10
唓,12
嚨,37
敏,125
涕,30
肩,55
−,6
♀,8
啜,19
寨,15
屙,66
廊,63
揪,12
殻,5
甸,8
痰,13
裙,156
髺,1
鯰,1
🤦,5
沾,31
嗽,14
嚏,11
垢,5
樑,25
筋,50
蔓,13
万,4
丫,32
佘,2
凈,3
吳,74
孚,8
彭,35
摑,20
旻,2
曦,6
曼,64
欽,17
汾,7
煒,3
琛,265
筍,14
筠,1
絶,4
翔,8
蔣,9
嗒,14
慈,45
曳,10
譁,3
酉,1
鋈,1
隍,2
恃,27
悠,52
擂,12
楝,8
繡,9
鏟,9
〇,9
庵,2
忟,4
恕,24
葩,2
詼,1
鄙,59
黄,5
佗,1
嚡,2
朵,50
灑,78
蠔,12
︰,73
﹗,73
<,81
占,23
啷,6
国,24
歛,10
盆,18
賬,17
吏,8
栩,13
翊,4
翌,13
翎,3
袍,44
詡,7
鈞,24
埼,10
尸,10
戈,17
譴,11
辯,141
Ｈ,228
丙,19
佚,3
倌,5
嗓,5
坂,4
墈,3
壬,2
娉,4
嬴,9
峽,7
庚,2
强,4
戊,6
拂,14
攜,29
朗,151
湧,87
滙,2
瀆,37
煇,8
煌,10
燎,2
狄,3
甄,3
癸,1
眺,10
絆,5
繽,4
翅,37
肖,11
胳,3
膛,5
膺,5
蒨,1
蒼,52
裳,2
譚,35
鏗,8
鏘,11
霍,14
顆,15
驕,15
鮑,16
鷗,2
カ,2
綴,13
＞,93
น,1
ี,4
่,3
ッ,6
プ,1
ㄌ,2
ㄎ,3
ㄏ,1
ㄚ,2
ㄝ,1
ㆴ,1
ㆶ,4
㤇,1
丨,3
侗,3
僻,27
唨,1
寮,4
尐,79
扤,2
爹,17
礫,4
緙,1
締,4
肘,12
虢,1
詬,6
躁,27
迆,1
邇,1
錘,4
閩,17
闡,11
락,1
릭,1
칵,1
킥,1
킾,1
해,2
𝑎,1
𝗮,1
‧,131
暨,5
濾,16
🎄,1
📷,1
🔭,1
😋,1
🙃,1
瑰,27
抨,13
儂,5
圳,30
涵,35
９,131
蒲,43
０,260
尉,9
葵,22
隧,50
囿,4
佣,10
俑,8
喔,18
嗟,10
恒,36
搣,15
硫,3
磺,1
稜,5
跎,4
蹉,3
軸,38
鹼,2
嗲,22
囂,22
棒,47
罵,74
釀,18
娥,9
恬,2
愎,2
琼,12
諫,9
豹,15
吩,14
咐,16
崛,8
怵,4
撬,6
甦,1
瘓,11
癱,21
紊,2
菊,20
諭,9
釜,6
隅,2
侃,22
倦,42
唇,103
孰,8
庇,12
彬,5
掖,1
洶,14
酵,7
琉,11
薈,2
藩,8
偵,23
恿,7
慤,7
慫,7
緃,1
販,36
踨,1
軚,6
辧,6
鐡,5
禧,10
証,18
錕,3
騐,2
䅲,1
丘,6
伽,14
湄,2
祀,11
炭,41
仕,10
侮,27
衊,3
拯,47
殲,5
漣,5
漪,5
瑜,10
盪,14
瞬,56
遑,10
醞,2
响,48
砸,17
踵,8
醋,13
孵,2
瀾,20
瞥,5
矜,9
肪,4
蜓,11
蜻,13
餒,19
餚,4
亨,11
叠,3
啄,7
墜,27
壺,12
妳,19
孟,34
岑,14
庶,11
弗,16
彤,22
扚,2
梧,6
榷,9
欸,3
殃,6
淹,12
溜,24
漓,13
猥,12
瑛,1
甫,19
皃,1
盍,1
盧,54
碧,39
辵,1
迢,5
隕,4
駭,13
驄,2
鴛,13
鵡,2
鸚,3
嗬,2
挨,39
縈,5
脷,27
馮,33
冼,2
咧,379
髓,15
燙,8
禿,8
緹,3
什,26
吠,13
堵,10
弛,4
毆,13
畜,14
瘤,8
贍,1
蹝,1
隙,16
姥,9
ß,4
 ,22
俹,1
晾,20
柯,16
玫,24
簁,1
紉,1
胯,2
膝,31
芡,1
萊,11
褸,46
踎,13
辟,12
鈕,39
鎂,1
𢭃,1
么,5
凳,54
擒,19
焊,5
熨,3
鴦,12
佮,5
唞,10
亲,1
儍,2
撮,27
冲,1
悸,7
敷,25
儈,5
禾,41
鍥,3
吡,1
妞,4
槌,7
聘,17
霆,16
僕,16
嗜,16
眈,1
鹿,16
凶,19
弼,1
炫,18
熙,19
禎,15
穌,34
袞,1
鰲,3
喳,13
嗻,1
懿,1
拓,18
箝,3
詛,5
鉗,7
❤,7
徇,1
脅,57
翦,5
臻,7
é,36
俎,5
俏,16
几,14
咚,5
啐,9
墓,23
娃,18
弈,2
弓,25
愣,8
掀,25
枕,17
瞇,45
瞪,65
縝,2
聳,48
脯,7
薑,14
蠍,5
襪,27
豎,39
蹺,34
靴,13
饗,2
,3
呸,10
啝,2
疋,4
磡,9
耷,22
№,2
睞,2
翹,12
咤,8
噩,12
囍,9
斐,1
浚,7
澧,5
菀,2
蕊,5
薛,4
袁,30
愕,29
来,2
穹,3
詫,9
蹂,7
躪,7
埠,13
渙,2
瘁,3
矢,14
遜,18
麾,2
嫰,1
摔,17
囑,8
槽,10
歃,1
穎,19
鑒,7
𢱑,1
·,2070
É,2
悍,8
抌,6
鄺,81
醍,2
醐,2
哺,3
喵,3
飼,8
帛,13
愜,2
腑,10
膜,28
倩,6
僱,39
嚼,16
嫗,1
廖,19
懊,3
暏,1
朧,11
杼,7
櫥,3
殉,12
瀟,21
猴,13
砭,2
砵,7
硝,2
磋,4
筵,5
絳,7
翰,5
芹,5
葭,1
葺,1
蒹,1
蜀,4
諳,5
豚,10
跛,7
辰,11
鋸,11
霏,3
馭,6
髪,2
魷,3
鯨,10
黛,6
鼎,28
噱,5
簇,9
愫,1
掕,4
渲,6
燊,4
珈,23
竿,6
絮,12
魁,11
咭,60
嚎,9
嚐,3
坎,19
堤,9
樞,3
橙,101
漾,2
珀,1
琥,1
盅,14
竇,174
筷,37
耍,29
趾,6
逞,16
酊,2
酩,2
醇,12
翠,18
訕,23
剿,6
桀,2
逅,5
邂,5
廬,5
睬,28
蛻,2
妤,4
嫩,44
嫲,225
彥,14
暱,7
紥,27
舜,7
辮,4
乒,5
乓,5
仝,4
恴,1
栽,11
殭,6
淑,20
遐,3
俘,6
虜,8
冕,10
勳,12
唚,4
俚,7
楓,8
燉,4
燘,1
頡,18
鸛,1
\,46
{,17
|,8
},17
Δ,4
μ,2
σ,2
ì,1
㨢,3
丞,5
夌,5
岌,31
晃,43
淩,1
痢,1
笆,1
綾,2
菱,4
閑,7
啃,14
碩,27
膳,7
蕾,27
跋,3
杏,9
莉,30
颶,1
⁴,1
顥,1
黌,1
掠,12
淆,30
肢,42
魘,3
姍,2
披,35
捅,10
洽,3
釁,8
鎗,5
餬,2
驥,1
ɔ,2
θ,2
冶,7
囹,1
圄,1
妍,4
孮,2
戳,4
擸,4
暄,3
櫳,3
沆,2
泵,3
瀸,1
烽,4
犢,6
瞰,6
砥,2
礪,1
穫,8
臥,7
艺,1
踞,5
阮,3
雯,21
髦,3
鵠,1
黯,5
扳,11
盃,64
秉,8
茵,3
騁,2
広,3
滘,1
禺,1
辞,3
潚,2
矽,3
覇,2
＄,16
％,53
８,80
〖,5
〗,5
紂,3
寰,7
瀛,4
熵,1
🌲,1
☆,13
囈,9
埲,5
宝,3
揩,5
杠,1
氟,1
笛,23
翳,9
鈎,4
銼,1
鰭,1
慟,3
曠,24
灸,2
銖,5
錙,3
椎,2
椒,32
檎,2
芋,2
韁,2
内,6
効,1
硃,1
喼,22
瞻,6
詁,6
㦸,2
浦,16
拮,14
蕃,13
侄,1
亥,2
侯,34
拭,8
碴,1
蛛,18
蜘,8
鬨,4
鰍,2
誔,1
咓,3
挾,6
莞,16
蔃,1
寅,7
°,12
减,1
嗶,3
猩,12
姣,15
胭,12
乩,4
会,8
僑,20
写,3
恵,4
戯,1
湾,1
溪,10
濠,6
皈,2
礼,2
紜,1
綏,1
脗,1
迂,14
＆,17
㾻,1
仄,68
叶,11
咑,1
滸,6
濛,6
濱,7
瀲,1
灩,1
燾,12
睺,1
肴,10
臺,21
虯,2
蟠,1
誨,4
軾,2
遂,10
鈔,23
魏,6
☺,5
幢,18
酪,2
顫,20
😝,1
𢴇,1
唾,5
灼,11
訏,1
鬯,3
兢,18
唁,1
帑,2
滬,2
甥,4
邵,1
慄,24
①,57
②,47
③,37
④,21
⑤,20
⑥,15
⑦,10
⭐,9
赫,15
🍅,4
綽,14
←,7
炳,12
卯,1
厥,4
蒐,2
佃,1
噢,41
滓,3
熏,3
踪,3
銬,6
函,17
奬,7
鋌,1
齌,2
飴,4
㷫,5
倨,1
咱,3
掐,2
盯,14
緘,2
褻,9
諄,2
咕,25
嫦,6
痺,9
蝗,36
沃,2
狩,3
蛾,5
酚,1
両,6
扉,2
痊,1
匱,3
弒,4
忿,20
桿,15
槓,8
瓷,7
莽,4
遁,20
諎,1
卿,23
曇,4
靡,20
匾,4
惆,7
榕,7
湛,3
穗,2
蕞,1
槃,2
🐓,1
俸,2
参,1
扔,4
瀏,10
絹,1
聡,4
聴,1
葫,11
蘆,14
餉,2
𡁬,2
羈,20
卧,4
㖭,29
俯,22
喞,1
坷,3
煤,10
燼,12
羹,27
芭,9
跤,2
陡,1
鼆,5
嘭,12
炯,12
爍,18
簷,5
鞘,4
夸,2
媧,3
浙,6
睦,3
窯,1
羿,1
臍,4
誑,1
墻,1
浹,2
濯,1
笙,5
釵,4
鷺,1
倘,7
忤,2
恣,2
棱,1
籮,6
縛,13
軼,1
輻,6
骼,5
劊,4
嘻,201
孱,4
捋,2
旱,2
枷,6
氈,8
禠,2
萍,3
韙,1
❓,1
罊,1
蛤,4
遡,3
🌜,2
𢯎,1
抛,1
拌,4
𠒇,12
緲,3
縹,4
𠺝,1
喧,17
挲,1
橢,1
矗,2
鴆,1
黝,4
渝,2
睿,4
窈,2
窕,2
諜,7
嘰,17
🏽,6
🙆,2
🤷,3
🎁,1
🎂,1
🎉,1
丕,2
妾,2
株,6
楹,1
窟,4
篸,1
邑,5
鄒,1
鄹,1
隋,7
♥,5
🙄,6
愾,2
蠶,5
陲,4
隘,3
摀,2
喬,10
忪,4
繳,4
臾,1
艘,7
蹲,1
鉸,4
閡,1
闔,5
頰,17
哇,50
衹,4
説,1
賒,9
鵪,3
鶉,3
咆,15
 ,14
佻,8
剮,1
匍,5
匐,5
叼,4
吁,7
吆,6
吭,10
呯,21
呷,9
啕,4
嗄,16
嗆,2
嗝,2
嗨,10
嘖,49
嘷,1
噗,14
噫,4
噯,3
墅,8
娼,6
婪,5
媛,1
峋,1
嶙,1
幌,5
怔,33
恪,3
拚,15
揖,11
搔,20
摵,4
擻,4
晌,15
暪,17
梓,89
棗,9
涎,10
滂,2
犲,1
猢,1
猻,1
獪,5
獰,17
甕,3
畿,3
瘠,2
皚,2
盜,28
瞌,6
瞼,4
簸,5
糅,1
縻,1
繭,2
腆,12
臠,2
舔,33
藹,12
螻,5
誣,4
誹,4
謗,4
貞,21
賅,5
躲,14
軑,5
逕,23
閻,12
霹,10
霾,12
靂,10
靦,10
靶,12
頃,7
顎,2
騖,1
驀,7
鬍,57
鯊,43
＼,4
孜,4
峴,1
徠,2
毗,1
盎,9
眩,3
蟄,1
偕,10
吋,26
圜,5
悚,10
掔,1
敞,3
栗,5
珞,2
璧,8
瓔,2
盹,1
眯,3
腮,9
蛀,6
詰,2
誒,4
趟,7
趴,6
踱,4
蹙,1
躺,12
輛,4
遏,4
霽,1
骷,7
髏,7
嗣,5
玟,1
皓,2
睜,30
兀,1
隷,1
吝,4
摻,1
茁,2
觴,1
棹,1
櫫,1
佞,1
莘,4
訟,1
趷,4
☹,8
😍,3
😔,2
🤔,3
氮,7
濺,16
箏,2
鏽,9
猿,4
檐,1
曚,1
瀝,10
癇,1
ū,416
洳,1
♡,2
す,19
ど,4
ツ,1
椿,2
様,3
澪,1
韭,2
颼,2
﹣,22
竪,3
飪,1
儉,6
ざ,1
め,4
缽,1
만,1
받,1
복,1
새,1
세,1
요,4
으,1
이,1
烚,12
嘀,2
嘚,2
黷,1
𠺢,7
禀,2
蒞,19
蒿,1
踝,1
颯,3
嫖,21
枴,4
舅,7
呑,1
😏,1
婀,1
婷,6
嬈,1
憨,3
瓠,1
綺,6
芸,2
螓,1
※,10
⑧,2
せ,3
れ,2
を,7
为,7
习,2
书,2
乱,2
从,2
仨,1
价,2
众,3
体,5
侷,2
儿,1
关,1
冗,13
剋,11
势,2
匈,3
卍,4
叙,3
叵,2
叹,2
吮,1
呔,4
员,2
啻,2
喙,3
噤,7
嚷,6
圏,3
坤,9
埸,1
墾,1
壴,1
夙,2
妣,1
媲,10
嫵,7
嫻,6
实,9
寇,3
对,4
将,1
届,1
属,1
岂,1
岫,1
岬,1
岱,1
崔,19
巍,6
帐,1
帚,4
带,2
张,2
彊,5
录,1
忐,3
忑,3
忒,1
忧,1
忳,1
怀,1
总,1
悌,1
您,7
悽,4
惊,1
惴,10
愀,6
愴,4
憩,5
懦,27
戍,1
戕,1
戾,6
抿,5
捫,1
掄,1
掏,6
掬,7
揺,2
搁,3
搥,2
摶,4
摷,12
摹,3
撑,3
攫,7
敕,2
敝,9
无,4
时,6
显,1
晓,1
晢,2
晩,2
极,2
柚,6
桎,1
梆,1
梏,1
梵,3
楞,1
樁,9
樫,2
橘,1
殂,1
残,2
殤,1
毌,1
氫,2
汝,8
汪,13
沏,1
泓,4
泪,3
泱,6
淤,5
淮,5
漉,4
澰,6
瀣,1
热,2
牘,2
牠,2
犁,31
状,1
独,2
獷,2
瑄,1
瑟,4
璞,5
畔,6
疴,1
癟,2
眢,1
睨,3
睽,6
瞧,2
硤,9
碍,1
祺,2
稠,3
窘,12
笈,4
笔,2
箴,2
箸,4
篷,8
簌,2
糉,13
糭,25
糴,4
紕,3
絞,9
縷,5
终,3
给,5
耑,4
聒,1
脖,3
腋,1
腴,1
膶,3
节,1
荡,1
荣,2
莓,14
蔥,11
蔻,2
蕪,7
藻,3
蘑,1
蚣,1
蜈,1
袒,6
装,1
裘,2
裴,2
褐,3
襠,1
襤,1
覲,2
见,3
觉,2
訶,1
詆,6
諂,1
諛,1
謾,4
认,2
记,3
论,2
评,4
诛,1
话,5
语,4
说,1
请,1
谐,1
豊,13
豕,1
貅,4
貔,4
貽,1
賂,14
贓,4
质,1
踁,1
踘,1
踮,2
蹹,1
躇,15
躉,11
躊,15
軋,5
车,1
还,4
进,5
远,1
连,1
邓,1
醴,1
鈿,2
鉴,1
錡,1
鑠,1
针,1
钞,1
长,6
问,1
闹,1
阁,1
险,1
随,2
难,3
霞,19
霪,1
靄,2
顰,7
预,1
题,1
风,1
驢,5
鬢,5
鴕,2
鵬,11
鶩,7
齜,1
＇,4
Ｚ,26
ａ,9
ｂ,1
ｃ,4
ｅ,21
ｆ,5
ｇ,9
ｈ,8
ｉ,13
ｋ,3
ｌ,4
ｍ,2
ｎ,13
ｏ,16
ｐ,6
ｒ,10
ｓ,9
ｔ,13
ｕ,4
ｖ,4
ｗ,1
ｙ,2
ｚ,4
á,1
ü,9
Č,1
ř,1
▶,1
东,3
丽,3
偌,2
冢,4
决,2
击,1
劾,1
匕,2
咨,10
唆,5
啥,2
圭,13
奥,1
妲,1
嫣,7
宦,3
峙,5
帕,4
廸,1
弧,11
彪,4
惻,7
慵,4
懍,2
戌,5
戮,5
捺,12
掰,2
揄,3
揶,3
搐,4
撓,9
擄,2
札,5
杀,2
杞,2
枪,1
样,1
桐,2
梟,4
棕,6
椰,4
檄,1
檜,2
欖,13
毓,12
氓,5
气,2
氰,3
汨,6
洒,3
涂,7
涸,3
漒,2
潢,4
潸,1
环,1
瑤,22
瑩,11
瓊,29
瞅,2
瞑,1
砒,4
称,1
竣,1
篙,2
簧,3
糯,5
紆,4
綵,2
緋,8
緞,2
约,1
纷,2
罹,2
翥,1
腌,3
膀,6
舀,19
芫,2
苔,1
范,8
茜,2
获,1
菅,1
虽,2
蚓,4
蚯,4
蜒,7
蜿,5
覤,1
观,2
訐,1
詹,10
貂,1
賁,4
资,1
赛,2
赞,2
踉,1
蹌,1
軏,1
运,1
选,1
逛,7
遴,2
酲,3
錚,2
鍍,2
鎊,4
鎚,11
鐧,12
银,2
错,1
间,1
阡,3
雹,1
韲,1
顱,1
騾,6
鶯,4
齏,2
齙,2
🔊,1
🔘,1
😁,3
😥,1
ø,1
ú,3
ğ,2
İ,1
ı,1
Ε,1
ή,1
ί,2
α,3
γ,2
ε,4
η,1
ι,1
κ,1
λ,1
ν,2
ο,1
ρ,1
τ,1
υ,2
χ,1
ύ,1
Е,1
С,3
Т,1
Х,1
а,8
б,2
в,1
д,3
е,3
з,1
и,3
й,2
л,4
м,1
н,5
о,8
п,1
р,7
с,4
т,1
ш,1
ь,1
э,2
я,4
ү,2
ө,2
أ,1
ا,2
ة,2
ج,1
ح,1
د,2
ر,1
ش,3
ص,1
ك,1
ل,1
و,3
ي,5
ം,1
ആ,1
ഗ,1
ങ,2
ച,2
ജ,1
ദ,1
ന,5
യ,1
ര,1
ല,2
ാ,1
ി,3
ു,1
േ,1
്,5
ൾ,1
ก,1
ข,3
ค,1
ณ,1
ด,2
บ,1
พ,1
ภ,1
ย,2
ว,2
ส,3
อ,2
า,1
ิ,1
ุ,2
เ,3
​,2
‘,11
↓,2
↖,1
↗,1
↘,2
↙,2
ぐ,2
ず,3
へ,2
よ,4
ェ,1
オ,1
シ,3
ホ,2
ム,2
ャ,1
业,2
义,1
亿,1
们,3
偃,2
偎,3
兴,1
冏,1
况,2
划,4
剌,1
办,2
华,3
发,3
吂,1
听,1
咔,10
喏,3
噥,5
嚓,8
囌,2
囝,11
场,1
坚,1
声,2
复,1
奋,1
奎,4
妁,2
娓,8
嬤,4
寻,1
岗,1
广,1
应,4
开,1
异,1
弃,1
归,1
悴,7
惦,1
愿,3
憊,5
憔,7
懨,1
戛,3
护,2
拥,1
捌,18
捜,2
揉,8
旌,1
暁,1
机,2
杰,19
枹,1
梢,1
梦,1
楨,4
毕,2
汕,5
洙,2
济,1
灭,1
灯,2
煬,3
爱,1
现,3
痱,5
皂,5
礡,3
祂,4
窓,2
紧,3
緯,4
縶,1
线,1
细,1
经,2
结,1
络,1
绝,1
翟,4
联,1
胁,1
苯,1
茱,1
萸,1
蔚,6
蕙,9
蜚,1
蜢,11
諢,1
譟,5
让,2
证,1
该,3
课,1
贵,1
蹓,2
輋,1
轨,1
这,2
适,1
逊,1
酣,4
酥,5
醛,1
释,1
鍚,10
鎧,1
鏹,1
鐳,2
雌,7
霖,1
顺,1
餾,2
馈,1
騭,1
鬈,7
鯽,4
鱂,1
鲘,1
鳶,3
麋,1
黍,1
龕,4
감,2
강,1
건,1
난,1
니,2
다,2
사,2
샤,2
어,5
예,1
오,2
은,1
좋,1
태,1
합,2
︳,1
â,2
è,3
ê,4
ô,3
û,5
ō,3
ง,1
ม,1
ล,1
แ,1
‖,1
ね,2
ほ,1
む,4
や,1
ケ,1
ㅐ,1
ㅔ,1
㧬,1
㨂,1
䓤,1
丐,2
丼,1
乭,1
俳,3
偲,1
匸,14
呤,3
咫,2
哘,2
唪,8
唷,3
嗦,5
幔,1
庾,7
徂,3
恁,6
扱,2
揞,2
搦,2
擳,2
敎,4
沓,7
涙,1
漬,1
焫,2
煥,37
珮,2
産,1
癐,3
碇,2
礬,2
穞,1
窂,1
筱,2
篱,2
縐,4
罌,1
肶,1
腍,9
艮,1
芯,3
茹,4
菓,2
萱,1
蔴,1
蠓,1
裇,3
赢,2
躝,4
躹,2
鏖,2
陞,1
飊,2
餡,4
驃,9
鴇,11
ꙮ,1
고,2
공,1
구,1
국,2
김,1
남,1
당,1
돼,1
를,2
매,1
먹,1
방,1
부,1
분,1
서,1
식,1
싶,1
안,1
에,1
와,1
왔,1
의,1
일,1
있,1
치,1
하,1
한,2
🇭,1
🇵,1
🎶,1
😃,3
😡,4
😢,1
😮,1
😱,3
𠾴,2
𡲢,1
𢲡,4
𢳂,2
𣲷,4
𥄫,1
𨈇,1
𨤳,1
晉,1
栞,1
囗,1
𠻹,2
㗰,1
磯,1
扈,1
刎,1
啋,1
婊,1
藐,3
驘,1
糠,1
╱,1
｛,1
｝,1
褚,1
😓,1
廛,1
曩,1
郡,5
ɛ,2
̌,2
亍,2
彳,2
忡,6
焯,2
‎,26
‪,24
‬,26
樖,2
毎,1
皙,1
茉,1
臀,4
町,1
頽,2
亟,1
叁,2
玖,1
貳,5
餞,1
迹,1
擤,1
咏,6
わ,1
価,1
値,1
変,1
幪,1
昩,2
観,1
弭,2
錮,3
唻,22
軻,2
邯,3
鄲,3
岐,4
畨,1
惝,1
榭,1
氤,1
氳,1
沱,1
湃,4
滇,1
澎,6
盦,1
簪,1
绮,1
鞦,1
韆,1
顔,1
髻,1
鵑,1
𠽌,2
洎,1
洵,1
茍,1
讒,1
喫,3
熹,4
彚,1
溏,2
翡,3
樵,1
琵,2
琶,2
簫,29
⇨,1
擗,1
籐,4
狪,1
橄,3
罄,3
熜,2
鏢,10
焙,2
尢,2
胴,3
駙,1
歟,6
鐸,1
麝,1
伕,3
耒,1
麓,3
没,3
𠴱,1
瞽,1
崳,3
悦,1
昅,2
矓,4
篐,1
葯,1
﹖,55
㰖,1
,82
×,3
 ,15
⑨,1
⑩,1
●,13
☓,11
劌,8
勺,7
咿,13
嚢,1
姚,8
婢,1
媾,2
孻,2
徧,1
懞,1
抺,9
捻,3
殮,2
泯,3
淇,1
熒,8
纓,3
羮,13
舐,4
苞,3
虻,1
蹀,1
躞,1
轔,4
迭,1
鳯,3
,39
｢,55
｣,58
〔,3
〕,3
掤,1
孛,1
氖,2
溥,2
獃,1
,2
闗,1
粽,1
à,3
♪,4
♫,2
♬,2
弔,1
暉,2
葆,6
贛,1
ゴ,1
蟑,1
•,1
祟,3
蟆,2
掗,1
謄,10
蹇,1
げ,1
ウ,2
ォ,2
チ,1
伝,1
攙,2
澆,1
蔦,1
閨,4
魍,1
魎,1
魑,2
ñ,1
蹩,2
紡,2
ュ,1
レ,1
癩,1
憟,1
祢,13
删,1
痘,1
剽,1
勘,1
咄,6
喁,2
宄,1
槎,1
灞,1
甌,2
畝,1
睢,1
粱,1
粲,1
罡,1
諍,1
賸,1
逋,1
郢,1
鄕,1
鋏,1
韉,1
韶,3
㕭,2
䟓,1
嗅,2
怦,3
躂,6
黹,1
佼,6
侏,5
勛,1
堊,1
彗,1
楔,1
榴,5
槤,1
瀘,1
猷,1
瘍,2
秃,4
胱,2
蚩,3
褫,1
讖,3
醺,3
鏞,1
麈,1
,3
,1
璽,2
羡,2
蚤,1
々,1
欧,1
瑚,1
頼,1
尻,3
槐,2
脇,1
蚍,1
蜉,1
鏑,1
檳,18
虱,20
跆,1
邱,2
,1
涿,2
鎅,2
喲,20
煜,1
羚,5
,1
囁,3
捶,3
蝸,2
崑,1
撘,2
鯇,2
麪,1
傞,2
刧,1
埇,1
摭,2
咃,3
杷,2
鮫,1
巿,3
嗩,1
哆,3
屄,2
肓,4
揈,4
莖,4
攣,6
涔,2
燠,2
痙,1
騸,3
	,11
剥,3
｡,40
愨,2
褊,1
㗳,2
猙,4
睩,1
雒,1
欶,2
㨃,1
䜙,1
卽,4
徛,3
懕,2
捃,2
槪,2
滕,2
澌,2
獳,1
眞,3
矖,1
砐,2
祕,5
袂,1
謷,1
逳,1
净,1
尴,3
浓,1
粤,1
级,1
讲,1
谂,2
阵,1
岀,3
鈣,1
癆,1
蠆,1
貯,1
絰,1
嘎,13
摙,1
焮,1
哟,1
〝,5
〞,5
呮,1
嘑,1
囖,3
妗,1
罸,1
閙,2
佯,1
俞,1
璣,1
謏,1
蹭,2
迄,2
鎩,1
鑰,3
麽,1
齟,1
齬,1
嗮,1
巹,1
旣,34
祁,1
藺,4
膈,1
舢,2
鯹,1
厠,2
挅,1
柸,1
噠,5
喀,2
摞,2
幀,1
拄,1
杳,2
燻,2
薜,2
蜷,1
⫾,1
⫿,2
⬀,1
塢,1
崽,2
寐,2
忱,2
淳,2
ã,1
ä,13
î,2
ï,19
ò,2
ù,4
ā,6
ī,1
啉,1
糹,2
肨,2
胚,1
芩,2
莅,3
飩,2
僆,1
嗉,1
嚹,2
孥,2
卌,1
趺,1
躑,1
礴,1
噖,2
噝,1
譭,2
哧,4
壆,1
孑,1
怙,1
悛,1
捂,1
旎,1
旖,1
犄,1
猄,1
瞟,2
笫,1
篋,1
蹦,4
躀,1
隼,1
顴,1
駄,3
鱉,1
黠,1
ｘ,4
幃,1
撂,2
枇,1
炖,1
燄,3
疙,1
瘩,1
笳,1
靨,1
傣,1
嫡,1
狏,2
睼,1
𤝛,1
暝,1
柿,1
珏,2
緅,2
骹,2
嗥,1
悻,2
炊,1
烟,1
粼,6
鎢,1
驁,1
鰂,1
嚅,2
昷,14
砧,1
鎯,1
鐺,1
刄,1
峇,1
僮,1
妃,1
挒,2
濘,1
仞,1
孌,1
朣,1
沢,1
濂,2
癦,1
簣,1
肛,2
鈾,1
埴,1
壑,1
戅,2
禹,1
糜,1
蕎,1
,2
ǐ,1
⺟,1
⼀,12
⼆,1
⼈,28
⼊,2
⼝,1
⼤,4
⼰,1
⽂,1
⽅,1
⽣,1
⽤,4
⽩,1
⽭,1
⽼,1
⽽,1
⾃,3
⾄,1
⾏,1
⾒,2
⾮,2
⾯,2
⾳,3
⾸,1
⾺,1
亱,1
凖,1
嚫,1
并,1
徼,1
悞,1
箋,1
纔,1
视,1
栓,14
湘,37
縄,1
啵,3
掁,1
溻,3
𡙁,1
淅,1
攢,1
糍,1
綳,1
窝,1
鰥,1
牀,1
燜,1
哐,1
嚶,4
揜,1
撠,1
旮,2
旯,2
璀,2
璨,2
繑,2
翕,3
舳,1
艫,1
踼,1
煁,1
嚱,3
洱,2
簋,1
譖,1
圑,1
嬏,1
巉,5
柑,1
碉,2
礁,1
緑,1
縁,1
罨,1
膞,3
逄,2
録,1
鯪,2
瘌,1
嘓,1
噣,1
樟,1
氯,6
鉤,5
閤,1
餿,1
骴,2
呌,1
屝,1
捹,2
涶,1
癊,1
粘,2
餩,2
魴,1
鰻,1
挷,1
朴,2
枭,1
渗,1
滷,2
傚,1
孿,1
磿,1
孢,2
昺,1
韃,33
毯,1
蛆,1
😀,1
寛,1
檷,1
👍,3
💪,1
😄,1
😅,4
😈,1
😊,1
😌,2
🙈,3
🤩,1
🤯,1
🥳,1
